path,size,mtime,sha256,kind
checkpoints/AttentionUNet_DEM_APM/model_checkpoint.pth,531822407,1787714428,6f1c93483968e015bbbf91521ccd3f9bec75df376be7e207e9bbf0e797e55ba0,checkpoints
checkpoints/AttentionUNet_SAM_APM/model_checkpoint.pth,531822407,1786413534,8cd45d8e5a171889fb3e4687dd2f91490da30c46c24199c6a4f18e10264176ae,checkpoints
checkpoints/DataOgument_AttentionUNet_SAM_APM/model_checkpoint.pth,531822407,1789476910,4c6612b55fcb2544895c180ebccb1c9eecabf3970b3e96738df49b41f7c6a512,checkpoints
checkpoints/DataOgument_FinalFusion_DEM_APM/model_checkpoint.pth,523230159,1787971156,d4793d465551b7e91e0c52748d5d39b0f3532c4649cab835cce040d1e577dcb7,checkpoints
checkpoints/DataOgument_FinalFusion_SAM_APM/model_checkpoint.pth,523230159,1788064958,c8f86a9f38002540043ad022746d8e738ce57a439d7c3966a0e6d66bbe07ecbd,checkpoints
checkpoints/EarlyFusionUNet_DEM_APM/model_checkpoint.pth,372693351,1786208212,938e12826d3609aca0b88a43ef49f48d95a32c31a393b0677e353eae64ed56fd,checkpoints
checkpoints/EarlyFusionUNet_SAM_APM/model_checkpoint.pth,372693351,1786037586,8ca32c1a2c16cc88f493132d9d24d0fc364e1c600890f2fead3f5047dfa4720d,checkpoints
checkpoints/FinalFusion_DEM_APM/model_checkpoint.pth,523230159,1785793622,d80adf60cb58fbfca08445dd3c3f59dbacab5b30517ab2c241795f605e8d5037,checkpoints
checkpoints/FinalFusion_SAM_APM/model_checkpoint.pth,523230159,1786134918,34b957da2fa49ccc74a1dda01960df090e5c769739658a28652cfb9695fc8612,checkpoints
checkpoints/FinalFusion_SAM_APM_FullSkip/model_checkpoint.pth,509608735,1790925284,0c1d37da89219ece558095a1a6d97ae3485cdbb35ddc76226d39cdfe370e7a56,checkpoints
checkpoints/FinalFusion_SAM_APM_InstLoss/model_checkpoint.pth,523230159,1790702952,47ee76ed8cdcd1df0fdf0e94f31f4a29132133dfe33cc7c0938d73d24a649444,checkpoints
checkpoints/FinalFusion_SAM_APM_bg10_SupAttnPB/model_checkpoint.pth,525023497,1790833291,0b594b52f3b37d16b8d0711e89b10fc6e5b7e5a12294bdd3bb393ea2983c7885,checkpoints
checkpoints/Final_SAM_APM/model_checkpoint.pth,523230159,1785639874,cf92715b3d51d41f4f7135612565994380df6cb43253e36623d8b893f7dd4414,checkpoints
checkpoints/MIddleFusion_DEM_APM/model_checkpoint.pth,531651555,1786076248,01b20f0f50e48360ee79565cdb8fb781e09f2a923dba88bf29b0ba4735d5caf3,checkpoints
checkpoints/MiddleFusion_SAM_APM/model_checkpoint.pth,531651555,1785975880,5cfc27035a6d852a964c4c71cbca4c86d71e89d8ebb26e6f93c7697bced287f0,checkpoints
checkpoints/Train_Hiroshima_Test_Shimane_OnlyDEM/model_checkpoint.pth,372672615,1785347786,bf2050ad10c34301cf4f49f4128e64f06a3ea5a46fb0dc1521c52eb406836e0b,checkpoints
checkpoints/Train_Hiroshima_Test_Shimane_OnlySAM/model_checkpoint.pth,372672615,1785356164,5f3d9125d89c127dd0a142a522f05ec72c72a83fdddf1fb58349a9dfafac7295,checkpoints
checkpoints/Train_Hiroshima_Test_Shimane_SAM_APM/model_checkpoint.pth,523230095,1785431128,f419007b0d72fd17b689aeed06103cb8a3b38dbe17bc4ba8ae2e79eb0eafcb13,checkpoints
checkpoints/TransUNet_SAM_APM/model_checkpoint.pth,1128697643,1786585514,afe363850dc950752da9353975f4cc446558aabef7c61432625b57d00b2ca8d7,checkpoints
checkpoints/Triple_UNet_SAM_APM_GEO/model_checkpoint.pth,912907383,1787560952,a8c7ef5a0415dc5a38ac6f4c9165affb739ba693a08cc4aefa0881e54e60a9ee,checkpoints
datasets/Hiroshima/hiroshima_dem.pkl,3131389114,1785337210,67520c04a987d750dcfac15a4e1896e51f51b2081e73be6fb24744fa1ff6b79e,datasets
datasets/Hiroshima/hiroshima_dem_apm.pkl,5008137287,1785402608,fc684c9383abb27a56baabac8a1d66c330da4a91557e86258ac1882cda59bb00,datasets
datasets/Hiroshima/hiroshima_dem_apm_normalized.pkl,5008137332,1785571868,b18459a2398ca742a4acac3cb317bff4a0be9e18b3e292f729ad8597763b780d,datasets
datasets/Hiroshima/hiroshima_dem_normalized.pkl,3131389159,1785340496,e5d4a86ea8e0b83c47d2c7a2c587464d27746a85cae33f475c99048083e296a9,datasets
datasets/Hiroshima/hiroshima_sam.pkl,3131389114,1785339212,645c9f5714cd169ce3b2fbe4e98bf15b4642f4d07ddaf37bec3852b4e0e7289b,datasets
datasets/Hiroshima/hiroshima_sam_apm.pkl,5008137287,1785330866,948cece4fc4e75430c4aeb54c1d39b11625754871d10577adea83359d2b5d10c,datasets
datasets/Hiroshima/hirosima_sam_apm_geo_final_v2.pkl,6884989367,1786858906,d8476676b7de26b4f217e0d6bd6b7e266d65561add1fded91d798c7c635b063c,datasets
datasets/Shimane/shimane_dem.pkl,2016753162,1784965670,58c5f2a5758f827c3769505aec279730a058e769f589d70a9e3523db1b51ac7c,datasets
datasets/Shimane/shimane_dem_apm.pkl,3225462029,1785571554,e58bdf38e7826da7f6966c9bdf72990c81dd33c25d8c8ca629ee48216c0b0338,datasets
datasets/Shimane/shimane_dem_apm_normalized.pkl,3225462074,1785571620,9366d9ee9cbc0da15b195f065ed5de662f83fedaa0b5bd056c18f1450844c93e,datasets
datasets/Shimane/shimane_dem_normalized.pkl,2016753207,1785340476,a8c096ac11158191cb4ded4e1cef1a6a660c88a49b6e507bc19e6cf7360a037e,datasets
datasets/Shimane/shimane_sam.pkl,2016753162,1784965222,8ba472a9aa7d14fd9ee133c4f24da9d9f43a6e8f6865d150cb9d1ca0e92deebd,datasets
datasets/Shimane/shimane_sam_apm.pkl,3225462029,1784997112,2cef8fd27a47659fb536cbbd97600f43a31ab90b16fc448aab72ac8ff24b449f,datasets
datasets/Shimane/shimane_sam_apm_geo_final_v2.pkl,4434233490,1786861812,2edaf98ea31cb23ca2ea41a2247d64b34c5d53e03c7e72a53602eb993f7917de,datasets
weights/AttentionUNet_DEM_APM/best_model.pth,531816431,1787565522,3660789e60d9332ebe7a07a6d753bfd084332593da21377611455eb1ac3bcf9c,weights
weights/AttentionUNet_SAM_APM/best_model.pth,531816431,1786327942,28c822293ca91638868495ddcc40c10f499f2fe378d8c6051daaebe578647bf0,weights
weights/DataOgument_AttentionUNet_SAM_APM/best_model.pth,531816431,1788620764,a57af16594f4f8e73fb16479dac681d4b10265f84074256ea3f8c3cd0d51b194,weights
weights/DataOgument_FinalFusion_DEM_APM/best_model.pth,523226919,1787965032,ac79670a558885a74a1a9df7091d57c04a822212d88014a86ac03a924a3da324,weights
weights/DataOgument_FinalFusion_SAM_APM/best_model.pth,523226919,1788044016,474f0d1c3b1eb2c3fcd0745ddb30a97de16db2db2935ecb12b1befca47dbd83f,weights
weights/EarlyFusionUNet_DEM_APM/best_model.pth,372691023,1786090852,4d74379545558f8439c37af5c25c8e0834d13e374f5988bb7666180f28516850,weights
weights/EarlyFusionUNet_SAM_APM/best_model.pth,372691023,1785918174,9a9290b1b3b5a9a8ff92066110ba3eea2b512b38689477b6dac03a89df5e65b3,weights
weights/FinalFusion_DEM_APM/best_model.pth,523226919,1785744432,239e9a8aec7c5215623dca44cd2f4afff8da129004b6d9183aa757de64ee0ba9,weights
weights/FinalFusion_SAM_APM/best_model.pth,523226919,1786085070,5f5244af59d70b1ea82f746ef603d8ffbf61c7c274d2f3f2d33fcd53bc46f935,weights
weights/FinalFusion_SAM_APM_FullSkip/best_model.pth,509603991,1790917517,9135673288637af57e7d160cb9361367385c0bc9b7e9e98579cf064eaf570264,weights
weights/FinalFusion_SAM_APM_InstLoss/best_model.pth,523226919,1790651694,c622bf8b24f461b13b04a2fff1a43c8c38f438f4001f5083c31ec60cd24ab796,weights
weights/FinalFusion_SAM_APM_bg10_SupAttnPB/best_model.pth,525019933,1790827545,3b9594d70f988f6246b4ba3ea7e506c806e4e348b7247aa2fcfbec79c8805189,weights
weights/Final_SAM_APM/best_model.pth,523226919,1785577064,44bc66c6792bdf088189f77e32a78273616be43686c7c70d646e4c70cfad13be,weights
weights/MIddleFusion_DEM_APM/best_model.pth,531647859,1786006204,57215ea4afee824bdac7e33d03c783cfc35c798b9bac12da547f3f07b1e88f52,weights
weights/MiddleFusion_SAM_APM/best_model.pth,531647859,1785910074,f26e69a939645e642eb929561ff5e7782d2a262063e7db2042d1765583a11b59,weights
weights/Train_Hiroshima_Test_Shimane_OnlyDEM/best_model.pth,372670287,1785346732,82763be30f0061366601e6f2474a6bcd188a79fed03b246e75c77a6186331c28,weights
weights/Train_Hiroshima_Test_Shimane_OnlySAM/best_model.pth,372670287,1785352760,ca51a1c81680acce5ac78c8853ef3237a192703ade54bb2f71f262732fb8f714,weights
weights/Train_Hiroshima_Test_Shimane_SAM_APM/best_model.pth,523226919,1785407678,67b963dd22bebf1d1060ed19ad2fa459c76cf0f96ebb4f2bb509600ea5cbd0c3,weights
weights/TransUNet_SAM_APM/best_model.pth,1128693227,1786437898,694c82a44fea2c209eba444d77744e8a5e24b6ff0d133fdf33b537f08f0c5f59,weights
weights/Triple_UNet_SAM_APM_GEO/best_model.pth,912903231,1786865576,4a0c47cabe6c97d21b2fc58d1fa1059c9a7472c23753f486201b4fc48268400d,weights
