Epoch,Loss,Accuracy,Precision,Recall,F1-score,Test-F1-score
1,0.7240514668492937,0.7244409103470801,0.24029032169413003,0.9043626694269103,0.3796951538158786,0.46846976298149595
2,0.6640025695379211,0.8161147417267391,0.32099089818915033,0.8713426246370084,0.4691523744963162,0.5283129851569038
3,0.6167279361393252,0.8683960496514301,0.401498161345996,0.8380907003798096,0.5429088395892716,0.5339335842947515
4,0.5802979107012325,0.8896005651735994,0.4493647809869047,0.8157709072832242,0.5795089309164181,0.6150858756421362
5,0.5548214218365857,0.8965509564660105,0.46822592998027823,0.8054308722522504,0.5921903271495048,0.5715962626222842
6,0.5348335522204396,0.9048581182896347,0.4937475529852079,0.7989211834014724,0.6103116262177872,0.617826269774406
7,0.5229920805946514,0.9110817009639064,0.5151659620449788,0.7898269137676763,0.6235925872419167,0.6295817547732248
8,0.5151619247670444,0.9121793398694577,0.5191441019768686,0.7901245080637617,0.6265917857389819,0.6420244151418055
9,0.5053098180062687,0.9148217831115002,0.5289699275907893,0.7907123520574209,0.6338844766854848,0.6380237119666314
10,0.4981782738410559,0.9169665158619721,0.5371704138756191,0.7920030133838465,0.6401581279988813,0.5870333967698654
11,0.49468151835418456,0.9180830441493261,0.5416817144653413,0.7900120197391883,0.6426929170109404,0.629947058399258
12,0.4904265501749805,0.919065848178973,0.5455004444882618,0.7919852869468371,0.6460305570424357,0.6441416588111196
13,0.4839513083352554,0.9215106017839816,0.555404609593892,0.7936187698338674,0.6534794426067512,0.6380233113717215
14,0.4772060507873319,0.9230144087462823,0.5617093106357205,0.7940173109425792,0.6579599592772704,0.6473530515604672
15,0.4752343423925641,0.923498261188117,0.5639096804936382,0.7925735174983127,0.6589685440731048,0.6448841338096594
16,0.47086854660607413,0.924536100883883,0.5682345580300883,0.7943710665671335,0.6625381310253917,0.6423248019422201
17,0.46875931013305233,0.9247860813559289,0.5692996987168295,0.7946383436859039,0.663354720794052,0.6480091680129204
18,0.4626263215374754,0.9263695296185507,0.5760440919671136,0.7970524524718882,0.6687619426235129,0.6263439322250418
19,0.46105937197844615,0.9263370705745206,0.5755341080193267,0.8003974477023169,0.669591491246373,0.6523758762512181
20,0.4588009785770406,0.9270586727681773,0.5789820123945459,0.7984040794882151,0.6712157228395307,0.6484296201985642
21,0.45218919534888874,0.928579643937007,0.5856421942018507,0.8005494201467086,0.6764368131054767,0.6643853493025549
22,0.44791401830323624,0.9299853991464389,0.5920130391371888,0.80172046944023,0.6810899913517287,0.6604262843962561
23,0.44480409286414196,0.9301225480058086,0.5922746053533293,0.804520970374982,0.6822721212857032,0.6564953676327242
24,0.441357696875729,0.9309468728000153,0.5963995847154716,0.8028023895457979,0.6843772672440479,0.6713390427309207
25,0.4401979704269502,0.9315815828074244,0.5991730549338957,0.8045405743785282,0.6868338722404215,0.6653223850929579
26,0.43635115276449776,0.9322594891437759,0.6020261244821604,0.8072134007887768,0.6896819832150278,0.6766238418213042
27,0.43357027002743315,0.9329777594317546,0.6054672869429144,0.8074477652706076,0.6920206660982379,0.6716905467591127
28,0.4309857075587116,0.9333501398020244,0.6071007691911894,0.8085954554275092,0.6935088395630339,0.6622127911750392
29,0.42668373011193184,0.9338908818296754,0.6098152098353427,0.808234299981898,0.6951429633837035,0.6470319450230899
30,0.42435804419119083,0.9344848468019638,0.6123162118406585,0.8108395892193664,0.6977313732079534,0.669083621279744
31,0.4162319738749224,0.9359374083339705,0.6188637388902885,0.8149166145089727,0.7034861954178296,0.6685959162022763
32,0.4128172734998307,0.9364456398198221,0.6211841299561003,0.8162778502481646,0.7054918365726632,0.6657190502395318
33,0.41365994525084276,0.9370551004709121,0.6250141035527019,0.8124858285143379,0.7065253923566523,0.6677065032831878
34,0.40854953000487665,0.9373635257614089,0.6255600164130272,0.8178986871723439,0.7089149345261673,0.6670188155897895
35,0.4055080676496511,0.9377996088723818,0.6275114855505252,0.8194001881763451,0.7107317449703279,0.6606454357108968
36,0.40064193127611575,0.9392482359748091,0.6351292283602722,0.819100219310816,0.715477865028453,0.6605273588790257
37,0.3964217057767904,0.9395278791620085,0.6355905120435479,0.8239347874754825,0.7176102170131728,0.6688614706915862
38,0.40059712135566855,0.9386590293964099,0.6315675925114457,0.8213914579337291,0.7140796231493608,0.6606259878081473
39,0.3919502242877477,0.9407129818790473,0.6421861505017274,0.8225665384730503,0.7212696625848424,0.6768968963588616
40,0.3882901509495758,0.9411342387822202,0.643631489824022,0.8262430898648627,0.7235938062131606,0.6677618690203605
41,0.3879028002849486,0.9411619445821381,0.6437315270448623,0.8264616606987663,0.7237408407559875,0.6759210543958275
42,0.38279098834631575,0.9420740215753407,0.648473040147369,0.8273201503864529,0.7270596131456893,0.668751759977839
43,0.37848655473832493,0.9430360308057184,0.6529686161652515,0.8305904847357706,0.7311464964065834,0.6765283488859233
44,0.37620615059474727,0.9437181754084886,0.656947141575944,0.8297771118675127,0.7333164849149841,0.6725847245972643
45,0.3811272989225516,0.9422415180701965,0.6484927604183206,0.8311573993847987,0.7285499923047748,0.6681032276263948
46,0.37324250644108037,0.9442599782901884,0.6592411690193418,0.8327053425493135,0.7358891745973958,0.6712402410968022
47,0.3678507262645063,0.9446623149128971,0.66088145367335,0.8351276242719874,0.7378569641965887,0.6693056990066689
48,0.36857317159118036,0.9447085032622395,0.6616850746475544,0.8330007279435908,0.7375251011219947,0.6716376849223847
49,0.3604172405528251,0.9463321506836267,0.6697398829469507,0.8374795524720758,0.7442757759916718,0.6744193081719815
50,0.3576344565721856,0.9469224799133981,0.6727903585904047,0.8387656855497951,0.7466656212212957,0.6450933172268745
51,0.35542359297487613,0.9469468229089764,0.6725700040922449,0.8400703181801565,0.7470461933573302,0.672832216221134
52,0.35580369195526823,0.9469627563188175,0.672671730367693,0.840035196641409,0.7470950508725235,0.6582470287493674
53,0.3498499096243208,0.947867556677209,0.6769298794445326,0.8435684455284261,0.7511178102020268,0.6740360965318921
54,0.34976153995470216,0.9477446315017376,0.6759830720609828,0.8443890525501053,0.7508592094234717,0.6734481315999798
55,0.3398648774366816,0.9495163195607149,0.6855685611861817,0.8472213064483477,0.7578707353597415,0.6700649412221571
56,0.347093933676131,0.9480922877929358,0.6778910551769795,0.8447934472486085,0.7521951138922074,0.663144990988721
57,0.3421540603322803,0.9490930336454291,0.6832832855411242,0.8464648128016462,0.7561705865333457,0.6681162402911087
58,0.34739392931570584,0.9483065854605894,0.6796586799962013,0.8430095381484521,0.7525720220526114,0.6791746442421307
59,0.33757519525177077,0.9499288578915347,0.6877438572325343,0.8481646179654623,0.7595765181939361,0.67479011011836
60,0.3378146013239966,0.949879208892091,0.6874930887104695,0.8480132529690677,0.7593628690760443,0.6588653233889746
61,0.3267570667752037,0.9517373411067225,0.6967678519740905,0.8542210953877799,0.7675023071656099,0.6722063990641151
62,0.32638698989008313,0.951803433343924,0.6971537308892619,0.8542743851438983,0.7677578724420506,0.6607838887762545
63,0.3247376751465939,0.9520148780351549,0.6985434212514458,0.8539746371685502,0.7684784875440105,0.6782817210022877
64,0.31802733334890915,0.9530949768004608,0.7040786433279486,0.8573751310569054,0.7732019083760377,0.674448776165555
65,0.3159104807357582,0.9534614812752462,0.7064331283387474,0.8571553453270074,0.7745297976673096,0.6356712183788903
66,0.3167789002473785,0.953536709216733,0.7069656000689175,0.8569722825896678,0.7747749200544102,0.6734635403221692
67,0.3114997372232036,0.9546977676252557,0.7131300350676576,0.8602714431075803,0.7798205517164083,0.6704287163006852
68,0.3079243652582811,0.955016930200665,0.7143969854843659,0.8624091630548361,0.7814562454760147,0.6698184324726618
69,0.30817255229159507,0.95513349540162,0.7155713963734954,0.8611954267338747,0.7816587779846552,0.6658325291188887
70,0.3018484256579227,0.9562462180038179,0.7214188908224946,0.8647418738091949,0.7866051630599404,0.6652720609946295
71,0.3108778434863309,0.9546031044256111,0.7131610493306938,0.8584856012183418,0.7791045041661065,0.6706034510866612
72,0.30173927822684987,0.9561194613943058,0.7208701427815425,0.8640127705449129,0.7859773160914811,0.6649417388580247
73,0.2997773907817599,0.9564751152890862,0.7221170759138252,0.8668478960155056,0.7878910850661701,0.6699795188939891
74,0.29392539470825557,0.9576816256288495,0.7295638434817063,0.8679361114912263,0.7927572121989008,0.6696123215503204
75,0.29191654996891225,0.9575970353928925,0.7277356892533872,0.8712618340533801,0.7930573025701488,0.6697638193882404
76,0.29356946476868223,0.957413172906933,0.7274425632977012,0.8688803617916093,0.7918956091485813,0.6680388030201394
77,0.28829644817226335,0.9583760627491668,0.7326324728812577,0.8718156609591957,0.796187112706827,0.672428444632057
78,0.28411153565359243,0.9591162710868946,0.7367260985788167,0.8738780021322529,0.7994624263784115,0.6667704355738758
79,0.2871203485605209,0.9585113576888394,0.733550849292713,0.8717544191565684,0.7967035393395401,0.6628763146843557
80,0.27905914135217025,0.9599850436058392,0.7419241609350858,0.8754199812618859,0.8031626889021534,0.6716113913502368
81,0.28031709926790305,0.95955717438908,0.739056939078702,0.8754036906110518,0.8014728388459122,0.670416695637386
82,0.27599358478325076,0.9606319431352567,0.745770899822341,0.8767106978108569,0.8059571546993762,0.6698119984326396
83,0.27390048401857003,0.960835508667775,0.7459786722924295,0.8795242312662761,0.807265636810154,0.6727029655472677
84,0.2699950058264231,0.961747709255624,0.7519117931408051,0.8802383139982636,0.8110302675895716,0.6710076023746254
85,0.27705701482745837,0.9604943977430629,0.7445870826940703,0.8773105803193697,0.80551830181807,0.6737486335664488
86,0.2742335302328485,0.9606553385718787,0.7453486072551551,0.8781034656233582,0.8062981421654475,0.6641904848683148
87,0.2687962109428853,0.961604277668392,0.7507169246079574,0.8807252111792963,0.810540940996555,0.6734381383020921
88,0.26152171997850476,0.9630396080467696,0.7586319727496511,0.8853470068773054,0.8171060028367725,0.6604848694498934
89,0.26167882537102766,0.9628726368291612,0.7576828547881775,0.8848639200518915,0.8163496240273032,0.6706251994993497
90,0.2595297795823321,0.9633918115910026,0.7606923456189967,0.8862454776877172,0.8186831848489851,0.6648599999959605
91,0.2599392975919009,0.9633218261224371,0.7605141733783154,0.8855484587221967,0.8182825379033682,0.6694202349681079
92,0.25608831989475983,0.9639640290552887,0.7640276418347826,0.8877648707963632,0.8212616240254973,0.6650163309083249
93,0.2565883315316429,0.9639709709545989,0.7641672930319103,0.887565406963099,0.8212569193911419,0.6656186031149519
94,0.25711743328770537,0.9638345070155617,0.7634705912885851,0.886980876322152,0.8206043345069219,0.6651772211123116
95,0.2540843243788516,0.9644979836769374,0.7678742265324625,0.8876288024449892,0.8234201547143958,0.6701551244168085
96,0.24821621163514745,0.9653959245324497,0.7722728752981574,0.8919470398120313,0.8278070689999043,0.6671928935566137
97,0.25152987474701155,0.9647863299871593,0.7690857052268881,0.889445348069359,0.8248982753999856,0.6677788638210944
98,0.2508377132791714,0.9647512960546611,0.768633402239982,0.8898814957313524,0.8248254417141998,0.6587328163820702
99,0.24443032397735473,0.9659155215759998,0.7751427520247449,0.8937721449309072,0.8302412560024172,0.67149961563157
100,0.24353952814305246,0.9662331907160975,0.7773774704066025,0.8939008134612243,0.8315770747103741,0.6678403701736195
101,0.24037916251430613,0.9667050081292319,0.7796862394027861,0.8962068517262513,0.8338958536772789,0.6649460593500486
102,0.237790660997928,0.9672554523366309,0.7836334316941062,0.8963626345262617,0.8362159191437617,0.6598766009424744
103,0.24556781797396204,0.9656958475412246,0.7739550966876804,0.8929440276430808,0.8292026447955027,0.6655666577708611
104,0.24258297412703944,0.9661867139792466,0.7770903011558905,0.8937978234144255,0.8313681922279604,0.6686867037514226
105,0.2347230928927419,0.9676673005973412,0.785626952958066,0.8984445797028652,0.8382568838253329,0.6695660276774479
106,0.2329599738844,0.9679484320700752,0.7870982934366378,0.8996466088442441,0.8396175492332346,0.6706094895609904
107,0.22768687997063536,0.9690691162274168,0.7940038160793752,0.9024508649120697,0.8447610638741602,0.658275773299163
108,0.2332825136554209,0.9680175163276767,0.7877127288723947,0.8994402421928298,0.8398770470564182,0.6676573403532412
109,0.23812456131784743,0.9669936428269622,0.7814311540906127,0.8969404832392396,0.8352110121251802,0.669170349898861
110,0.2300707992276734,0.9686277339959765,0.7914494281551201,0.9010051386787211,0.8426814116565977,0.665842878671915
111,0.22727881540667336,0.9690590175148446,0.7937744044650168,0.9027483487630646,0.8447614764466902,0.6693451699614847
112,0.22972355875364853,0.9686005277244215,0.7911718189301752,0.9011514784235024,0.8425880036406976,0.6631719581093218
113,0.224629847629051,0.9694863975027949,0.7962519597638916,0.9041516640816993,0.8467784052596351,0.667663150799244
114,0.22222706526919517,0.9699234951198242,0.7991425367147249,0.9049262155006813,0.8487510030973882,0.6697785375524447
115,0.2215835659732073,0.9700673489887651,0.7999888652015542,0.9053857222992945,0.8494303853950699,0.6595357260184929
116,0.21737428997565472,0.9707585160007277,0.8037682650612373,0.9081507703600278,0.8527772096729832,0.668412931483778
117,0.21853209128276999,0.9705076085688333,0.8025412091268503,0.9068734728895407,0.8515234379516804,0.6709124942422308
118,0.22296668898384525,0.969815926579177,0.7985534840515688,0.9045006705673664,0.8482315842389243,0.66796009653424
119,0.21994253615484727,0.9703497679057332,0.8013517161498561,0.9068532062154521,0.8508444901218258,0.6649050086822321
120,0.21798652667562274,0.9706765006532388,0.8037198687888016,0.90707713363624,0.8522763528274112,0.6675339688924044
121,0.2134759366672958,0.9715216923435918,0.8086827178741,0.9098764748975429,0.8563003052145919,0.6686944772399038
122,0.21115510173724347,0.9719184260089937,0.8106907202741948,0.9117909853170983,0.858273836205988,0.6690041901911894
123,0.20995553114986162,0.9722381447603121,0.8127525074109171,0.912538477688932,0.8597598228425191,0.6686646394638198
124,0.20685491986030516,0.9727474731486511,0.8159212574295908,0.9139605134503896,0.8621627488404519,0.668323804555178
125,0.21020902890079426,0.9721703427971676,0.8126485016367879,0.9117803273658747,0.8593650307787031,0.6657279803976432
126,0.22421750562852927,0.969767843111922,0.7983247263099165,0.9042450454056333,0.847990126904656,0.658929345188314
127,0.21277278689843304,0.9717683718086214,0.8105279021974902,0.909985870759585,0.8573821964685014,0.6679213817944758
128,0.20738288944943575,0.972789979407484,0.8169732919086408,0.9126890143471486,0.8621828039418165,0.6680522781945611
129,0.2074761125999641,0.9727366740664155,0.8163331252006015,0.9130818675337048,0.8620012867001958,0.6646231402966141
130,0.20636149525963715,0.9729844658832634,0.8179846964884633,0.9135947745335269,0.8631501549497899,0.6638988929201064
131,0.2095892784007476,0.9723739237790168,0.8140092165353592,0.9121789236971317,0.860302575035376,0.6642284642577814
132,0.2032748608977968,0.9735603087905127,0.8209458053804916,0.9163398872554428,0.8660238093641321,0.6691636204385544
133,0.19861135135763738,0.9743623453501387,0.8264418888390378,0.9178302885278586,0.8697420128889551,0.6699804261304377
134,0.1994491498666311,0.9742731254647159,0.8261664771775847,0.9170874900723669,0.8692559491282484,0.6654224841768699
135,0.21085475148216412,0.9722671483040178,0.8139486107347472,0.9108028330932809,0.8596562748823142,0.664447786371393
136,0.19883223637095038,0.9743007076699871,0.8264107383362601,0.9170465701663734,0.8693727451127695,0.6665464281133769
137,0.1995900499049544,0.9741560195371826,0.8252196051217129,0.9171102417609895,0.8687417631203939,0.6618727317390456
138,0.19825852873190394,0.9743329761722705,0.826015487648493,0.9181575925532619,0.8696526739918732,0.6636113058853587
139,0.19912998245732805,0.9742798871218333,0.8261528131551311,0.9172025738565648,0.8693000776205412,0.6641024102511168
140,0.20399736255567993,0.9733252678213593,0.8198495311442546,0.9150225534396853,0.8648255028022477,0.6651402263260446
141,0.19286241882412902,0.9753755176143795,0.8328998046697996,0.9206495099054336,0.8745791071810587,0.6677541911116259
142,0.18948492976131465,0.975954816021953,0.8365825408333148,0.9223223664671918,0.8773627108593796,0.6685015357878298
143,0.1927558614237289,0.9753714698897075,0.8325240295840861,0.9212197379071738,0.8746289880556318,0.661416407864434
144,0.1924726478655062,0.9755720743004873,0.8346906719419613,0.9203204939811291,0.8754165744797665,0.6647208637524775
145,0.1910078654271573,0.9757057934084173,0.8348807530206744,0.9217949911605272,0.8761877641903656,0.6617109335195
146,0.18863356266060285,0.9762290004455999,0.8382399273694863,0.923264463088312,0.8787002072482382,0.6642394851762827
147,0.19082842437886807,0.975919364957523,0.8366955534453532,0.9216649972891252,0.8771272816327903,0.6627742692949659
148,0.1901979394799294,0.9759758374114074,0.8368230145682579,0.9222088289142596,0.8774435495671724,0.664123735422042
149,0.18806766815021675,0.9764130843719678,0.8395143970509019,0.9236377122713221,0.8795692135819284,0.6593840771716479
150,0.18946169190249354,0.9761304131159299,0.8376388435450726,0.9229335143749255,0.8782200381282277,0.6583281005127957
151,0.18616353268571942,0.9767882559213371,0.8420746036237955,0.9244722905969369,0.8813517945234082,0.6683864092642783
152,0.18345107463492216,0.9772659080317404,0.8450195130229927,0.9260593313234535,0.8836853397953731,0.6620315815539587
153,0.18366867111056961,0.9771961852017987,0.8447348021700073,0.9255958485015859,0.8833186339249697,0.6667348680643618
154,0.18478835695435739,0.9770810979868245,0.8439309589764667,0.9253622019128427,0.8827726548927043,0.6586984971125136
155,0.18811066613364413,0.9765220021541723,0.8406486504751101,0.9232471784316643,0.8800139802865327,0.6663538694867421
156,0.1890285794706036,0.9761578047794545,0.8385559086486325,0.9218049864412085,0.8782119850061748,0.6649190550781221
157,0.18263976095179021,0.9773832559987897,0.8458773891295278,0.9262389702629907,0.884236069176247,0.666265606020829
158,0.17793155764794413,0.9781550118700298,0.850628881279653,0.9288581203593044,0.8880239564110777,0.6682185545886499
159,0.17566053934817044,0.9786023575431625,0.8534759415185182,0.9302517717325289,0.8902115505977423,0.6643982111608011
160,0.18188659497348447,0.9774244439147269,0.846274441297264,0.9261508903033959,0.884412802361212,0.6600641331633365
161,0.18621825348495474,0.9767463006886364,0.8426261692471423,0.9230353999708204,0.8809998435899622,0.6641960826474075
162,0.18197468879087916,0.9775242671908618,0.8466832025641386,0.9268128429527142,0.8849378243976708,0.6621950474713313
163,0.18556732668307913,0.9768780319826691,0.8432443936354261,0.9237840520161034,0.8816787581539766,0.660447143572683
164,0.1784421124387623,0.9780725433421706,0.8503594278275064,0.9282048376495827,0.8875785373307223,0.6669782044292422
165,0.17701867363362941,0.9782388811372158,0.85146944012246,0.9286417584272089,0.8883827917790494,0.662179668828232
166,0.1740177334399236,0.9788130503669608,0.855323575728366,0.9301372401737832,0.89116300184003,0.6623850011979335
167,0.17051435902594234,0.9795506529175587,0.8600665292547129,0.9324214103109106,0.8947836450863106,0.6666859748667305
168,0.1749048202707761,0.9786665443628976,0.8542415600606804,0.9299038144752207,0.890468340216192,0.6673079889151351
169,0.1746346438429105,0.9788140082254709,0.8553273600673068,0.930143811656662,0.8911680720546856,0.6551024020131605
170,0.1851989491328075,0.9769083075212781,0.8440107534038424,0.9229620644307942,0.8817225703766346,0.6658648641084599
171,0.17643773951379438,0.9782743425011997,0.8517393025691237,0.9286837827841065,0.8885488892645528,0.6647394331157503
172,0.17137909098214538,0.9792614208457038,0.8584126828662888,0.9312085575506724,0.8933300724670408,0.6643126671764187
173,0.17179811014881674,0.9791272794560649,0.8575723237678416,0.9307583833621982,0.8926678119476911,0.655262026795117
174,0.16982331116887114,0.9795710872324424,0.8603226057467063,0.9322977670322068,0.8948652558506935,0.6681224050772573
175,0.16641653120276742,0.9802113950473812,0.8644393574719059,0.9343204031952648,0.8980224559965024,0.6633756768991707
176,0.16438370631791832,0.98067451448727,0.867607374342418,0.9355235367875477,0.9002864011455833,0.6633424397753126
177,0.16534394598151794,0.9805121729191276,0.866566270209163,0.9349971002641515,0.8994820422213843,0.6642975127854897
178,0.16629044295883563,0.9803153741935038,0.8648088998509368,0.9350945680564303,0.8985794172591566,0.6626459464174619
179,0.16623218791343453,0.9804199301146431,0.8661852972457624,0.934388492593497,0.8989951745019799,0.6591336289422315
180,0.17176803468533283,0.9793181765373197,0.8589285164872221,0.9311572558061812,0.8935856959761652,0.6624109099149944
181,0.1699458953906905,0.9797504694124674,0.8617469276936267,0.9324555378438446,0.8957079375176678,0.6588189675348958
182,0.1651966736684591,0.9805993843915451,0.8673587767925889,0.9349372942476994,0.899881080524566,0.6591089444076302
183,0.16724700667466114,0.9801697179026351,0.8645360320247165,0.9336471299241805,0.8977634782666875,0.6523133619686688
184,0.16451540645563378,0.9806560782858378,0.8677542535611656,0.9350749640528841,0.9001576738691976,0.662264940159421
185,0.16220352266516005,0.9811721477321865,0.8710773239964309,0.9367452803775632,0.9027186297187911,0.665128941347243
186,0.16824141986206215,0.9800585960159018,0.8642326465488873,0.9326832203977061,0.8971541770909252,0.6476231644230285
187,0.16430169576904524,0.9806999131871204,0.8679265044415702,0.9353771418202212,0.9003903637831543,0.6641424064183812
188,0.16274010667180758,0.9810823304726392,0.8706811566729836,0.936188802789578,0.902247497567093,0.6625294290544835
189,0.15927079340036346,0.981715598542506,0.8747603306185091,0.9382623541393108,0.9053992473607014,0.6626704888826983
190,0.16052943652852206,0.9814610605178714,0.8729916402710768,0.9376112251088519,0.9041483110351695,0.6619958250624667
191,0.162171836129096,0.9811535055396768,0.8708679396770297,0.9368141428914282,0.9026381467707713,0.6602632806897568
192,0.1642529131829578,0.9806834647995855,0.8684933371632932,0.9343403937566274,0.9002143599854834,0.6636533573561579
193,0.16276222326845494,0.9809957163743461,0.8696766579105982,0.9365571371660651,0.9018786861512916,0.660564295420959
194,0.15999148980867509,0.9815651632586404,0.8739494647658013,0.9375402089157241,0.9046286884021898,0.6637947828014026
195,0.15695460895804383,0.9821042419083409,0.8773725150094217,0.9393947476511919,0.9073249494008899,0.66020196160607
196,0.15630733605343697,0.9822331459748355,0.8781089961354706,0.9399570788289684,0.9079810445471067,0.6638641219013844
197,0.15482153359931114,0.9825135513290215,0.8801148577887705,0.9406137853364925,0.909359196430931,0.6673976062257942
198,0.154709795876494,0.9825861734833783,0.880528028757408,0.9409345731015621,0.9097296469301446,0.6472602797042623
199,0.15691702999676654,0.9821793102067425,0.877876028758069,0.9396164661701718,0.9076975824428136,0.6599536157459268
200,0.15687954154698996,0.9821124558025545,0.8773594431357341,0.9395156850251809,0.9073743654197631,0.6568681587706267
201,0.15871417229226978,0.9817993236159377,0.875454347934621,0.9383177423521469,0.9057966562452814,0.6606341693576375
202,0.15415761665995872,0.9825969622660601,0.8804752587493969,0.9411425412067871,0.9097986663382875,0.6557453230403217
203,0.15368994411753836,0.982710777486131,0.8812841723981883,0.9414191509356963,0.9103596692792036,0.660445437670976
204,0.16146553311788167,0.9812747982358595,0.8725217366146196,0.9359495235012242,0.9031233413978648,0.6605135025302474
205,0.15760095411474814,0.9819715527557981,0.8767584606279739,0.9386116919602491,0.9066313456759262,0.6614134782781167
206,0.15275679372070292,0.9828159822791643,0.8820952843794082,0.9415875244760126,0.9108710255288893,0.661088193491396
207,0.1512996811028118,0.9831284295454485,0.8843753215033073,0.942275983947027,0.9124079935360766,0.6603936853938353
208,0.15044740818420832,0.9832854050460234,0.8854388561582317,0.9427394667688946,0.9131911746711431,0.6635566027578013
209,0.14906001388223344,0.9835453348871103,0.887168615672921,0.9435544963135085,0.9144932194559203,0.662001523318032
210,0.15035806764971535,0.9832919555622864,0.8854656452742813,0.9427831478021482,0.9132259148576926,0.657987645220688
211,0.15779909266615813,0.9818936623796353,0.8763551011969829,0.9382129299613564,0.9062296624456032,0.6608152200907871
212,0.1533176779265031,0.9827973709853163,0.8822438454254957,0.9411497753602084,0.9107453129920938,0.6537881140304125
213,0.152755389878692,0.9829460398956927,0.8831271391569115,0.9417574442475944,0.911500447843664,0.6624508658107694
214,0.1501976171272463,0.9833416045617301,0.8858064066970862,0.942924130960045,0.9134732745303901,0.6588376698092344
215,0.1506110998899789,0.9832846789274753,0.8855869310815706,0.94252608685424,0.9131697838507227,0.6597080028088131
216,0.14803481730569726,0.9837123009549417,0.8883686242981066,0.9439591119021925,0.9153205958374951,0.6638812382848592
217,0.1493787523911327,0.9834965047021995,0.8871968335989754,0.942915847578265,0.9142081391224604,0.6573993384464119
218,0.14765928257909425,0.9837509809295109,0.8885342579766492,0.944206895462507,0.9155250010749172,0.6628503367666807
219,0.14526288396104006,0.9842199247671147,0.8916641617599914,0.9456849821073431,0.9178804253663855,0.6593438780142209
220,0.14882766861076946,0.9835693688960724,0.8874979167887501,0.9433977195076844,0.9145944685956625,0.6571880903809606
221,0.15109352610824564,0.9831157250457465,0.8843858402433378,0.9421046836118151,0.9123332766650515,0.6630441057117207
222,0.14586581711499197,0.9840711528611996,0.890675389235747,0.9452085772098986,0.9171320549689196,0.66312629538932
223,0.14760753771445823,0.9837482257988499,0.8888459517071127,0.9437472229962582,0.9154742145439148,0.6595818484571992
224,0.14583597527038697,0.9839681882211335,0.8899732344961886,0.9449040800956631,0.916616423085966,0.6639332902635932
225,0.14327280307715795,0.984485256724208,0.8934125955669427,0.9465588788851408,0.9192181906988927,0.6542952524073253
226,0.14285933019497968,0.984565073116945,0.8939987306598624,0.94674183117739,0.9196146517143059,0.6518919160757815
227,0.14464711835683194,0.984351043237692,0.8926163813074591,0.9459971551553614,0.9185318617706205,0.6619818784040231
228,0.14503420168418446,0.9842634764306657,0.8922130606347979,0.9454740319846773,0.9180717252852211,0.659951421599382
229,0.14710823631270556,0.9839785186736679,0.8905700325478413,0.9442192100900868,0.916610271219216,0.6530957981074401
230,0.15666548992103002,0.9822681490086721,0.8793504130858948,0.938640628573934,0.9080287037301424,0.6527954429911725
231,0.14473828480571427,0.9841711048817579,0.8911227999142356,0.9458225966899827,0.9176582843917014,0.6586847488140254
232,0.1401656596165783,0.9849575633661513,0.8965026032401378,0.9481561910050647,0.9216062029098523,0.6574020808562325
233,0.13956284605348207,0.9851134780126772,0.8978901915677316,0.9481984914746883,0.9223588584610578,0.6612040748892863
234,0.13894782982505557,0.9852596235323547,0.8988438712083482,0.9487018449741906,0.9231001230335487,0.658129660420383
235,0.13838461884912454,0.9853730885675941,0.8997025159595701,0.9489375347971063,0.9236643847416063,0.6616332983166592
236,0.13944302734258682,0.9851827682613562,0.8983507061090633,0.9484258979158239,0.9227094097119296,0.660208101325101
237,0.14512527878634693,0.9841764503502178,0.8918172340826616,0.9449472641260099,0.9176138326592335,0.6551428167082959
238,0.13996057668223857,0.985071883264362,0.8974343309625731,0.9483005427382187,0.9221665313364807,0.6609800283595572
239,0.14083730977661205,0.9850112909889286,0.8973211939846194,0.9477172822158113,0.9218309690636161,0.6543153805280643
240,0.14566179672180804,0.9839670913186461,0.8901194515088667,0.9446916941868221,0.9165940098491434,0.6613720340468993
241,0.1391160195728518,0.9852041758840807,0.8986772415053487,0.9482522782337135,0.9227994165956399,0.6564533445470759
242,0.13862273504711548,0.9852745269868086,0.8989549384749297,0.9487349785013109,0.9231743772498237,0.6573951629057204
243,0.13636269926462533,0.9857194059167889,0.9020905569426015,0.9499713008432593,0.9254120063588793,0.658044506552556
244,0.13639501126789338,0.9857838090271552,0.9027341892072808,0.9499038188930243,0.9257185160014992,0.6579222946153558
245,0.14018673273029353,0.9850008317919707,0.897304181023096,0.9476132429406535,0.9217727729587648,0.6565930163733598
246,0.14007671183411965,0.9851195701987929,0.8981578750328266,0.947917187829437,0.9223669224023332,0.6602995314162167
247,0.1406326654424886,0.9849741662469942,0.8968417205000857,0.9479054806498545,0.9216668621126465,0.6585012991527955
248,0.13610242148534948,0.9857718512451089,0.9024139204038719,0.9501787719455775,0.925680592627757,0.6595274971682193
249,0.13462671478883917,0.9860749413666997,0.9046537986806285,0.9508976590389974,0.927199486521734,0.6620284470821192
250,0.13443904647207003,0.9860714034699444,0.9046985803724283,0.9507970987841873,0.9271751965310534,0.6601529365053431
251,0.13659530233421094,0.985704178026388,0.9021802060836304,0.9496707797522783,0.9253165468945898,0.6487310433032787
252,0.13929082511489924,0.9852171172735219,0.8987715302007571,0.9482839207521134,0.922864107928612,0.6621283013701313
253,0.14103177219950608,0.9849730435956221,0.8972181017204579,0.9473911378638572,0.9216222710589337,0.6492011538618331
254,0.14364277535291373,0.9843910261058261,0.8938155360336133,0.94487017345291,0.9186340397487883,0.6599368840967474
255,0.1347914781331052,0.9859396155283655,0.9036069864576337,0.9506363459551087,0.9265252610269429,0.6612508954797884
256,0.13242807255359995,0.9863987799395671,0.9070288752959544,0.9517001530658508,0.9288277164478425,0.655049414308358
257,0.131367099212829,0.9866166103541992,0.9085416797822968,0.9523548163392025,0.9299324775869605,0.6625538974871225
258,0.13175079065834416,0.9865377518199724,0.907901445745731,0.9522363639797474,0.9295405609506537,0.6534933686855794
259,0.13155310789770835,0.9866152971610804,0.908465564710722,0.9524368218188252,0.9299316949112698,0.6605913177534167
260,0.1331894717247017,0.9863285781803705,0.9064684561486163,0.9515840752758393,0.9284785365563486,0.6604845394054563
261,0.13339411356860414,0.9863252308253617,0.9064283976936174,0.9515957824554219,0.9284630948924286,0.6452436360835575
262,0.1320490526422015,0.9865473252552971,0.9079994281364753,0.952224656800165,0.929586334069479,0.6559840296858434
263,0.1332820864780894,0.986344073859172,0.9066557353741826,0.9515275826120992,0.9285498710395378,0.6596597219530831
264,0.13197507877957146,0.9866101370845901,0.9085571048839409,0.9522578455498304,0.9298943251225407,0.659039123126396
265,0.1312099110204576,0.9867626940765535,0.9097500901877804,0.9525481504699493,0.9306573425018964,0.6581235511777869
266,0.13062356504789902,0.9868908411258385,0.9105858174402377,0.9530063319274777,0.9313132705332895,0.6616460844389072
267,0.13270710396638136,0.9864672616732671,0.9076448088571327,0.951725003211191,0.9291624000964834,0.654456146606609
268,0.1334615510228188,0.9862615795824281,0.905887555240255,0.951533546646981,0.9281496774482684,0.6600144997177839
269,0.13139601132137113,0.9867272430121234,0.9092963008797952,0.9527063078394036,0.9304952823230541,0.6576311254375568
270,0.13246613971868937,0.9865167098314103,0.9079835124315213,0.951879792005388,0.9294136347502272,0.6496977418359682
271,0.137336516536953,0.985633832073437,0.902191431728885,0.9488100259402383,0.9249136700515342,0.6533293232792309
272,0.13628566865570782,0.9857434141768663,0.9025085894296448,0.9497130802219018,0.9255093236817602,0.6601750693920742
273,0.12936046611105978,0.9869626084172239,0.9108697980218411,0.9534977021346717,0.931696416382271,0.6522583940230462
274,0.12745735125560967,0.9873359002980114,0.9135821706112666,0.9544862409163055,0.9335863787577741,0.6584784470355876
275,0.12709264268450982,0.9873557784369859,0.9135175894981901,0.9548032735483014,0.933704271197362,0.6583968552908595
276,0.1268198415436192,0.9874305017003328,0.9142089970590924,0.9548152016180648,0.9340709964759586,0.6589234663067497
277,0.12742133946672604,0.9873565560533032,0.9137363057936291,0.9545362173197119,0.9336907610314682,0.6601368418460603
278,0.12797339218405057,0.987323473886264,0.9133176103187381,0.9546733901219899,0.9335377087955843,0.654700527479513
279,0.12857100168730048,0.9871187239050503,0.912059886639842,0.9538387565738299,0.9324815914920975,0.6644531996621226
280,0.12607739044408592,0.9876298289664324,0.9157108239929105,0.9552827709082772,0.9350783195394615,0.6604760119838076
281,0.12594645894120002,0.9876371673985667,0.9156212649261397,0.955481848183725,0.9351269765073383,0.6471049647682329
282,0.1285248502606973,0.9871906199408591,0.9125556393046559,0.9540630705524342,0.9328478608805932,0.658156658509605
283,0.1265002798359349,0.9875662601199297,0.9151673732533889,0.9552142397296834,0.9347620834161386,0.6600783810834125
284,0.12830426144310728,0.9872364941538084,0.9130472078324514,0.9539846545382495,0.9330671240234143,0.6575613132274176
285,0.13242319870910876,0.9864652944584775,0.9079596050698903,0.9512969732633421,0.9291232143147046,0.6494227464811526
286,0.12705183087413843,0.987409598755748,0.9139048789173074,0.9549514356370743,0.9339773950100685,0.6587480248294222
287,0.12410589144878953,0.9878902634856591,0.9175456780379678,0.9560590894487055,0.9364065470961866,0.6612411550735847
288,0.125146754668408,0.9877321035363889,0.9163612593514526,0.9556747957566555,0.9356052272395339,0.6612584887529629
289,0.12572200313170323,0.9876545993934963,0.9157690252324029,0.9555022805254492,0.9352138189173501,0.6553070038999096
290,0.12467696750662076,0.9878219825932596,0.9170336246534737,0.9558937531483753,0.936060547379118,0.6559580368278867
291,0.12518945320275915,0.9877661023637229,0.9165709896779,0.9558133491225634,0.9357809389859219,0.660004856920979
292,0.12857376659575176,0.9871913821078457,0.9127877430325662,0.9537781774417449,0.9328328781654154,0.6527748656104732
293,0.1273324850675552,0.9873207290551568,0.9138226097716169,0.9540030988683464,0.9334806748889501,0.6538257679646173
294,0.12393152510943117,0.9879752348051094,0.9180585085927131,0.9564204657844976,0.9368469408384726,0.6565099853911536
295,0.1264996847735261,0.987481319699141,0.9146652735191897,0.9548415979946706,0.9343217344690252,0.6580345952752886
296,0.12831026195194523,0.9872358864801299,0.9134562682524231,0.9534605925842969,0.9330298237677852,0.6597680206321929
297,0.12496230803490328,0.9877021936319424,0.9161641227224304,0.9555687684698705,0.9354516625590548,0.6596174118224406
298,0.12497606985973862,0.9877402144350637,0.916676345373857,0.9553761522322113,0.9356262399750795,0.6572654161621239
299,0.124932661652565,0.9877776893618297,0.9166975136722103,0.9557917018848449,0.9358364998067147,0.6617742888007372
300,0.12164530031523614,0.988249599470949,0.9198862030692719,0.9573758710390111,0.9382566952869834,0.6639711521510252
301,0.12041471237843891,0.988482081000965,0.9216657240798727,0.9579042955740344,0.9394356655486864,0.6542358775411907
302,0.12360995194580998,0.9879834692984306,0.9181908208037125,0.9563525972764462,0.9368832621336197,0.6537372976393381
303,0.1222965178905793,0.9882055225301505,0.9196781271229975,0.9571159937412976,0.9380236593645109,0.6553088814806379
304,0.12149066248070198,0.988335806736864,0.9205819079939348,0.957526794255044,0.9386909736961191,0.6582849653180485
305,0.1205500275940908,0.9884872513770091,0.9216894843001936,0.9579356067571632,0.9394630658905803,0.6594061311180799
306,0.12289227201851873,0.9880575951876529,0.9185739074446544,0.9567481563677173,0.9372724924363633,0.6524198958915817
307,0.12747207460699056,0.9872428644278788,0.9137064110694746,0.9532276638886413,0.9330487234514372,0.6516873469318925
308,0.12418047738364443,0.9878150818921648,0.9170656523845675,0.9557723739940247,0.9360190292406978,0.6580901506201247
309,0.12085340409025028,0.9883996073233289,0.9211450446519945,0.9575795870082556,0.9390090240665692,0.6575917886568763
310,0.11984273963017926,0.9885774754689346,0.922372841206258,0.958151250796171,0.93992169019343,0.6593553355634967
311,0.11855771643614191,0.988810734615268,0.9240275104434453,0.9588498159929572,0.9411166579163268,0.6567654892215052
312,0.11839099174159556,0.9888075314540136,0.9238734506959569,0.9590009600991709,0.9411095303519532,0.6583911498468324
313,0.11961481663978325,0.9886176694779231,0.9226166732298923,0.9583220541284762,0.9401304706024003,0.6580929771009293
314,0.11836369107715845,0.9888739275280544,0.9245314861994691,0.9589717473727598,0.9414367429997194,0.657831456373088
315,0.12012491672427827,0.9885815643918221,0.9223666877133125,0.9582066942315524,0.9399451711786398,0.6539141790673
316,0.11915733002507783,0.9887413877190426,0.9233119604254433,0.958915862157017,0.9407771726129195,0.6538792207914375
317,0.12348422699299141,0.9879155746393014,0.9176068013567783,0.9562810288578664,0.9365448261520793,0.6541985794082849
318,0.1193643432020177,0.988741521613243,0.923493471737905,0.9586948615311246,0.9407649918592089,0.6538278683273696
319,0.11769611850340733,0.9889485477958625,0.9248615161203434,0.959439813665879,0.9418333964599134,0.6557135372711042
320,0.11831383523594016,0.9888949231686239,0.924474930660156,0.9592860188774958,0.941558827836084,0.6457612459811116
321,0.1229137824672573,0.9880062313124894,0.9183362497506614,0.9564394623400465,0.9370006484449278,0.6563969132905025
322,0.12009441993146572,0.9885555683178472,0.9222650665588134,0.958027276182196,0.939806081798241,0.6575687130444129
323,0.1201416625166839,0.9884996211412104,0.9220315318740108,0.9576593283635252,0.9395077842032747,0.6543720029496821
324,0.11734305629431398,0.9889587701030812,0.9248271701623811,0.9596010634978644,0.941893270528813,0.6529149785490987
325,0.116943195703216,0.9890613021618846,0.9256963784035276,0.9597371870717837,0.9424094856055775,0.657840375200296
326,0.11713334132799241,0.9890310832708219,0.9254438845370614,0.959692401587626,0.9422570353379855,0.6570864182055831
327,0.11621943217604308,0.9892045895553625,0.926736916682164,0.9601415817702869,0.9431435567238823,0.6594114335973048
328,0.1156587746305607,0.9892718713910363,0.9271816719869813,0.9603852236397113,0.9434914115827603,0.6559195350918484
329,0.11559796284111042,0.9893231013719994,0.9277389284850782,0.9603062554000746,0.9437417112752489,0.6555771735870675
330,0.11498262728200447,0.9893708861521922,0.9277105947825471,0.9608962530729965,0.9440118630035327,0.6555584515392612
331,0.11514048374727409,0.9894177491223132,0.9282452016634862,0.9607943674771017,0.944239364770606,0.6511488885092617
332,0.11565490574086451,0.9893407599571143,0.9276605346093653,0.9606065003783296,0.9438461014027073,0.652652209134797
333,0.11764422460707692,0.9889985521299148,0.9254121788497282,0.9593516232611939,0.9420763227422345,0.6508937080943702
334,0.115709850539496,0.9893098715950499,0.9273828146221424,0.9605835830220715,0.9436912733345237,0.6600149493501994
335,0.11585955764606314,0.9893178537493013,0.9275058193891333,0.9605274216936026,0.9437278474956854,0.6517381892375989
336,0.11532726307522576,0.9894045141955867,0.9281675986398364,0.9607343405704688,0.9441702264236352,0.6526516708784149
337,0.11465418684193387,0.9894947331377352,0.9287359549392604,0.9610961034640771,0.9446389730453051,0.6550238219301575
338,0.11532473313117605,0.9893391480769332,0.9277004289914461,0.9605394602084563,0.943834387140478,0.6460372452709484
339,0.11563965479398995,0.9892643269678245,0.9271956634673099,0.960280466471466,0.9434480999275892,0.6546510856407385
340,0.1167199422889,0.9891294337107529,0.9264368955874133,0.9596306075595468,0.9427416563773509,0.6417625228306066
341,0.11642150948391448,0.9891327656164308,0.926349290037543,0.959775842853424,0.9427663680613815,0.6601074711878048
342,0.11527541316945276,0.989330017522425,0.9276377525548616,0.9605091430311412,0.9437873131934186,0.6572884226660485
343,0.11471852984510342,0.9894153956742533,0.9282736594260045,0.9607326286715676,0.9442242713178897,0.656032862168851
344,0.115006033060043,0.9893391429271563,0.9278490234644371,0.9603596003787384,0.9438244335231009,0.6502289909112368
345,0.11480048263691506,0.9893923710215707,0.9279069525614735,0.9609084020329407,0.9441193760441046,0.6586111990835966
346,0.11202871179926106,0.9898220787086963,0.9311102396827625,0.9620371508568385,0.9463210805395506,0.6580680982710476
347,0.11091263133359726,0.9899778079632525,0.9320456901595225,0.9627198671831521,0.9471344880233384,0.6534024152420779
348,0.1112559902459142,0.9899855120295493,0.9321974239870398,0.9626276455326673,0.947168185453363,0.6571220123959082
349,0.11168520375483762,0.9899220358790315,0.931804298105727,0.9623632952087926,0.9468372893505037,0.6485925659682191
350,0.11231580827475558,0.9898791073384898,0.9314418732686657,0.9623001758396285,0.9466196083599485,0.6582743944686568
351,0.11118281043242573,0.990032488294763,0.9325777235921879,0.9627167194980757,0.9474075862004689,0.6599522283903114
352,0.11089535487308656,0.9900451464464727,0.9325698828959172,0.9628723918529958,0.9474789136830979,0.6584807672158959
353,0.11135605002710762,0.9899970166312252,0.9322826789579459,0.9626588462707055,0.9472272955921701,0.6565884749428308
354,0.11594453867715646,0.9891580355718576,0.926747840890273,0.9595862638557507,0.9428812170005435,0.6570354181761646
355,0.11219404233152654,0.9898488317998808,0.9312696989405386,0.9621558793290196,0.9464608763714949,0.6558726974844268
356,0.11152954085295734,0.9899613698752716,0.9320169044470553,0.9625641396056868,0.947044258194384,0.6526335573658181
357,0.11226829556080531,0.9898164448527279,0.9310727097355517,0.96201688418275,0.9462918924121883,0.6531958759014688
358,0.1110718778442501,0.9900199125394844,0.9324737728924053,0.9626954035956283,0.947343621111981,0.6551115837387386
359,0.10996935881091899,0.9902083943753559,0.9338306327207379,0.9632561885421391,0.9483152019575671,0.6601995058948035
360,0.11007306960755281,0.9901357052738989,0.9331753331875957,0.9631968243060487,0.9479484434479137,0.6542216349096307
361,0.10925184526653946,0.9902902706788675,0.9343405515131298,0.9635950340794893,0.948742330784658,0.6598749619059876
362,0.10926691774088096,0.9903013066508422,0.9344236767047636,0.9636236393579032,0.9487990488206648,0.6509932910520769
363,0.1106180000216813,0.990140638760204,0.9333043072856664,0.9631001848519478,0.9479681730312179,0.6603168741031081
364,0.11327266040436341,0.9896560396007135,0.9302201492459541,0.9611810909611407,0.9454472154077288,0.6490880054129414
365,0.11913610835160528,0.9886158979546569,0.9228309783568196,0.9580380998010553,0.9401050261386739,0.6541757022084884
366,0.11119153358624631,0.9899322169880347,0.9317783109446034,0.9625121751906531,0.946895922697176,0.6552539286630978
367,0.1097300099133642,0.9901691736742084,0.9335449767621681,0.963143203214659,0.9481131466477049,0.6586272921878047
368,0.10773878631927575,0.9904681645733578,0.9355396111782763,0.9642241845369584,0.9496653433705212,0.6565338567566094
369,0.10706983896278628,0.9906587217693348,0.9370903307611608,0.9645863339883831,0.9506395524750431,0.6564486101563198
370,0.10921483955815475,0.9901935527182253,0.93388217183634,0.9630236464042999,0.9482290641798309,0.6542973776973721
371,0.10820219428793118,0.9904496871737102,0.9356000493968397,0.9639398988742663,0.9495585684556845,0.6526567586278005
372,0.1068196029696021,0.990647773343568,0.9369383194118281,0.9646395132994112,0.9505871480846614,0.6576211989614316
373,0.10702102100150283,0.9906292495959279,0.936968158678455,0.9643913984038255,0.9504820163466532,0.659600427745116
374,0.11279938400113036,0.9896424132909398,0.9298809637179446,0.9614306968654468,0.9453926833756101,0.6514916421301501
375,0.10874454053545576,0.9904049201628021,0.935235906812347,0.9638551322673836,0.9493298742525169,0.6584023063081147
376,0.10799600564525777,0.990513168474005,0.9360480835623834,0.9641412402740673,0.9498869917023877,0.659908468972864
377,0.10787419663526299,0.9904415814248123,0.9353298545077484,0.9641662560870431,0.9495291714440927,0.6559221964946398
378,0.1074559822819143,0.9905841684486268,0.9364379549113347,0.9644979779160624,0.9502608671429055,0.6561847214102609
379,0.10712297206538707,0.990634265478664,0.936723188561059,0.9647377542073229,0.9505240995701041,0.6490412777941087
380,0.1065225326368269,0.9907013773716988,0.9373749076176895,0.9647416197854869,0.950861394339463,0.6545606820245521
381,0.10755890030464071,0.9905312699399363,0.9359910496556529,0.9644169664422533,0.9499914135065406,0.6555729025628851
382,0.10603555601160482,0.9907487501697366,0.9374836031908627,0.9651580529988437,0.9511195618265355,0.6582724480812909
383,0.10559886069390972,0.9908432125280807,0.9382133583269934,0.9653851833272533,0.9516053465154344,0.6567028730965759
384,0.10593357034569802,0.9908012212469415,0.938146739165448,0.9649813408542022,0.9513748525727435,0.6550242689368839
385,0.10660150159160403,0.9906876326170556,0.9372025021775313,0.9647865709372802,0.9507945141545177,0.6541731768992034
386,0.10682490196912436,0.9906505542231138,0.936923741726882,0.9646886613646397,0.9506035075684713,0.6591583296467989
387,0.10608298102559427,0.9907622786337485,0.9377749990608414,0.9649707933480689,0.9511785425420101,0.6567026786145405
388,0.10494504009456326,0.990957403681868,0.9391571963593457,0.9655887888514075,0.9521896009386949,0.6537018912058246
389,0.10923553616651949,0.9902610353951996,0.9345644283836486,0.962992279998626,0.9485654112145524,0.6570576660171501
390,0.10931621490904905,0.9902391385436662,0.9341452762472289,0.9632370815414998,0.9484681523831803,0.6589638187437658
391,0.10574586387231664,0.9907832021774411,0.9379125287998322,0.9650494854749796,0.9512875155143297,0.6567524056244088
392,0.10457972636963479,0.9909605398960223,0.939170555623201,0.9656091107480412,0.9522063481323549,0.6507238526316586
393,0.1040613351143756,0.9910355566966546,0.9395980465367215,0.9659688856300224,0.9526009951497234,0.6516948413870296
394,0.10314937832582029,0.9911679368625812,0.9406567008708674,0.9662490848243697,0.9532811564877688,0.655450031955407
395,0.10363369875881229,0.9911193126687479,0.9403562635534521,0.9660427733955007,0.9530264705513822,0.6515586110418405
396,0.10412811386496873,0.9910422050586795,0.9396287759073735,0.9660091428654736,0.9526363633764501,0.6548140346101302
397,0.10311121502615049,0.9912280553585365,0.941075542375745,0.9664491008830858,0.9535935643151651,0.6540168207176399
398,0.10394072327813048,0.9910898868433334,0.9399776754677504,0.9661476962313815,0.9528830360749663,0.6605617174234788
399,0.10378378244101841,0.9911341852245401,0.9403361278601909,0.9662365493066092,0.9531104124728625,0.6475863952111596
400,0.10371025002026815,0.9911653671238899,0.9405562954742507,0.9663367230036028,0.9532722387273784,0.6546616061407257
401,0.10821269167401398,0.9904151476197978,0.9354764871849426,0.9636882497357877,0.9493728280422138,0.6535838146141817
402,0.10611625203506324,0.9907100083978443,0.9371215806331644,0.9651390564432948,0.9509239906209422,0.6505214229173875
403,0.10313861534963399,0.9912077909862919,0.9408333234332564,0.9664993533992182,0.9534936508976374,0.6561561944296387
404,0.10276018780959906,0.9912438085261849,0.9412359663987935,0.9664425846227521,0.953672744938327,0.6530571996520225
405,0.1024577191194916,0.991319160062318,0.9417186195937599,0.9667429400460976,0.9540667166217631,0.6559796750644793
406,0.10282486624955488,0.991274480597618,0.9415104403565933,0.9664741166960616,0.953828968730638,0.6518210513842414
407,0.10377237201741121,0.99111209783126,0.9402063280624469,0.9661351054910758,0.952994383857823,0.6552890427854148
408,0.10362135558677812,0.9910817089975584,0.940019745152969,0.9660048907294931,0.9528351880715743,0.656754073212916
409,0.10518548002019726,0.9908309354598643,0.9382522632650474,0.9651985863470209,0.9515346911372908,0.6457293407532609
410,0.11034079693318057,0.9899826642029035,0.9326762442486859,0.9620233452205385,0.9471225153441909,0.649857265649891
411,0.10350413630513168,0.9911466785833878,0.9406257111037793,0.9660418898347775,0.9531643996411089,0.6516203863998338
412,0.10524259145168281,0.990840678837828,0.938611862307017,0.9648886774233558,0.9515689011189616,0.6582385373826306
413,0.10123553729523224,0.9914208990554733,0.942548134621427,0.9669426247695425,0.9545895551263791,0.650034923580043
414,0.10043177186358329,0.9915770454419612,0.943627780485209,0.9674750805503656,0.9554026437277111,0.6563339852368022
415,0.09960646991620488,0.991704481822029,0.9445665092160459,0.9678443537101212,0.9560637626264348,0.6572926993389185
416,0.09975471576510092,0.9916714820514206,0.9442792349273944,0.9677995682259636,0.9558947406773575,0.6551431358314088
417,0.09952684926657343,0.9916907061687241,0.9444230248715458,0.9678528027595369,0.9559943794770457,0.6560411208599548
418,0.10078847444443047,0.991560396213126,0.9434235655216557,0.9675212465981532,0.955320465975193,0.6566010378927389
419,0.10300442918813775,0.9912272004955651,0.9410109870636186,0.9665144843766031,0.9535922456310055,0.6515899663305655
420,0.10270024038791013,0.9912815151929131,0.9414751741326527,0.9665955510729575,0.9538700036018816,0.6562906898824863
