Epoch,Loss,Accuracy,Precision,Recall,F1-score,Validation-F1-score
1,0.7212744052890393,0.6895078224974336,0.2176928144999608,0.9017112873077852,0.3507152916152665,0.3330549936158427
2,0.6687057391345073,0.8052741007912694,0.3079019255872092,0.8766528036564797,0.4557376365203412,0.4892659189833886
3,0.6335172856883179,0.8578235782001455,0.3812266601041196,0.8486682177644405,0.526118054504866,0.5651948256239981
4,0.5990451698680576,0.8769821697419212,0.4189919829441437,0.8348070534192521,0.5579482078761339,0.5756144298481849
5,0.567374015883576,0.8918129642764231,0.4545472103939055,0.8166794103583916,0.5840333135013539,0.6179363931409226
6,0.5458686567253346,0.8993071599971699,0.4756219042699588,0.8071794533295885,0.598552888030306,0.5623916673769275
7,0.5317046664816012,0.9061420950072596,0.4971154430268046,0.7969396090772888,0.6122938683140307,0.586734206243079
8,0.5232907954951842,0.9073161823514316,0.5010591079905677,0.798647972571677,0.615784659051221,0.5777220928329574
9,0.512116473141334,0.9112100042230916,0.5146612070548653,0.7941542338146993,0.624565334118086,0.6450275095161317
10,0.5048698613540732,0.914429370108948,0.5265564277134683,0.7917646808657677,0.6324844216378792,0.6296311124990769
11,0.5033444227288952,0.9149205626995092,0.5284755218812685,0.7901072626048106,0.6333350516327267,0.6435891197346212
12,0.4925675029806096,0.917715071988114,0.5390818134119735,0.7944806524770163,0.6423247231580229,0.6319130222452559
13,0.4889578018471491,0.9185873961365522,0.5424411268398664,0.7960979790542734,0.6452352164110666,0.6100584867931627
14,0.4834322900437622,0.9213807038105384,0.5541557508520154,0.7910398557112855,0.6517405841303265,0.6221784622034044
15,0.477394715273123,0.9217460427191436,0.5551880331393183,0.7974496520809725,0.6546239376649705,0.621839454663223
16,0.4728434650803641,0.9239505866955472,0.5647201783025483,0.7950956131280994,0.6603931786096987,0.6258624392088076
17,0.4717743353877994,0.9241823060585768,0.5659154679342616,0.7930260553120521,0.6604930432972536,0.6200074544989458
18,0.4678608110482744,0.9241474043036864,0.5653828378439594,0.7971111985301783,0.6615412316981888,0.6184747751166171
19,0.4609641545324874,0.9260011248760758,0.5735523946314525,0.7965310135384374,0.6668970188076887,0.6356806198578835
20,0.4575829889705712,0.926836810078204,0.576827222401096,0.8006665113206215,0.670560204360178,0.6342557604825821
21,0.4531964091517085,0.9271921721522914,0.57788870554368,0.8053836707679795,0.6729291135085352,0.6375175511857234
22,0.4484330803799115,0.9294567281959268,0.5887057140611167,0.8012129543244234,0.6787140213584653,0.6531381180610053
23,0.4428052767146405,0.9300348764866512,0.5906858699162577,0.8066009665122952,0.6819613284233089,0.6342634353997747
24,0.4464367256104517,0.9288812303237324,0.5854942482241002,0.8055846460221814,0.678128578694588,0.6544832148351094
25,0.4383105981907398,0.9313736193654024,0.5973508663028245,0.8040218825282658,0.6854467071024466,0.6540603056307317
26,0.4366187411460945,0.9311106923541386,0.5953286931737656,0.8094696999901654,0.6860778614268681,0.6414574550605997
27,0.4320917690186192,0.9323951428512416,0.601648111522389,0.8080786736164826,0.6897492664083563,0.6530529556222693
28,0.425440391190618,0.9341354790682304,0.609836602342702,0.809964607091163,0.6957960885288634,0.6424024130031198
29,0.4209446879170781,0.9350197644318996,0.6139811999967597,0.8114272521263359,0.6990292182266046,0.6447614708283899
30,0.4190835335271821,0.9351376737246352,0.6143938512848135,0.8124483718051063,0.6996755156886859,0.6546649189949911
31,0.4219490566270814,0.9342319103579564,0.6095869454585489,0.81436147607095,0.6972501492209723,0.6587463522907285
32,0.4180462434351873,0.9353306667651028,0.6152314458134991,0.8131823523348717,0.7004907891334149,0.6425547953920284
33,0.4120080987755343,0.9364987735016592,0.6207657935186291,0.8151785933149812,0.7048113993529067,0.6530767043285026
34,0.4066299442335856,0.9368104929328032,0.6212672189482932,0.8210497730500601,0.707322054653462,0.6529834917926135
35,0.4041006189884899,0.9379243896841426,0.6274898721264489,0.8182737746637688,0.7102938400313762,0.6654347814513685
36,0.3976074497905567,0.939539799179024,0.635536551806512,0.8202891385648329,0.7161897664752039,0.6565429956637291
37,0.3995188020116134,0.9391125050206892,0.6331959636145411,0.8207083661524004,0.7148602753465724,0.6501572341471787
38,0.3968829568341481,0.9392265210820608,0.6334943207257073,0.8221689438447674,0.7156041775312619,0.6557880411703718
39,0.3917241436328819,0.9401091310516332,0.6375104731230672,0.8252163548080044,0.7193196415583,0.6572853568923157
40,0.3889937839276499,0.9408810482825508,0.6417643223274367,0.824583452574713,0.7217772614403726,0.6573071823500453
41,0.3829920783960562,0.9420731804451076,0.6480334302824353,0.8254349763097281,0.726054874037282,0.6596458200666058
42,0.3773346493998877,0.9428226995795363,0.6504450942732396,0.8326483045278646,0.7303545486385274,0.6599108054588083
43,0.3755910266860783,0.9433283527437352,0.6539190359859717,0.8297521787578164,0.7314164209005966,0.6594681529976147
44,0.3701388019023182,0.9445343893040204,0.6598593518228228,0.8329416457052873,0.7363665154986293,0.6601347086092938
45,0.3734630108308449,0.943931515217632,0.6563256789410513,0.8335999467216225,0.73441659311545,0.6532908193162478
46,0.3653842832544725,0.9451301223663904,0.662620367340362,0.8352766355708775,0.7389978216353951,0.6633680564693992
47,0.3672869369494829,0.9444665221103682,0.6586457814201867,0.8362547840527539,0.73689942786869,0.6614692916841203
48,0.360571541588941,0.9459897025335036,0.6665953306205684,0.8387300578944586,0.7428208472523001,0.6553807617270402
49,0.3574758255653244,0.9466489083132066,0.6700990237614253,0.8397338266603938,0.7453869046595013,0.6533637704389963
50,0.3538600041819133,0.9472029899797152,0.6727012450384886,0.841896488736378,0.7478484927545471,0.6545996556194196
51,0.3526455380504937,0.9475759436918172,0.6747870776234476,0.8421701901571447,0.7492439946039636,0.655491086286004
52,0.3598818242978707,0.945851262796715,0.6655741692548074,0.8396180554632635,0.7425338512640395,0.6363749951749033
53,0.3438657798784242,0.9490363174354364,0.6825358355902805,0.8450387021339999,0.7551437686653294,0.6582844730780864
54,0.3450256219441942,0.9486804747155017,0.6803861947174693,0.8451995857045017,0.7538902594322917,0.6537634253666885
55,0.3343863649119576,0.950894549212422,0.6919556982555196,0.8506745739575645,0.7631499645946473,0.6597690848803466
56,0.3364626219589933,0.9501048480851508,0.6871185295829881,0.8509737479950467,0.760318270834586,0.6527529783555536
57,0.3379699714321026,0.949833523504296,0.6858901233402375,0.8496832830821364,0.7590511393280053,0.6613623393040873
58,0.3303444447170058,0.9516425646119852,0.6963094592489079,0.8513068855214828,0.7660464935194017,0.6539991949259055
59,0.3266706990359498,0.9517535251390412,0.6954608930421617,0.8560834072408386,0.7674579846797733,0.6588697990193336
60,0.3242004752802334,0.952701619672137,0.7014126482251716,0.8556474932434807,0.7708911919318079,0.6588656835296653
61,0.3202564534094694,0.9531400716805004,0.7029859548343647,0.8590838599889131,0.7732354621620054,0.6334151527951256
62,0.3150474069465836,0.9538912044117028,0.7070133368061947,0.8609890640518915,0.7764410957481234,0.6567450700425246
63,0.3182518557250071,0.9532962335163192,0.7035190362661956,0.8603856952872558,0.7740851510366095,0.6459846146167875
64,0.3154198015979725,0.9542399541722038,0.7097654734739445,0.8593447881844861,0.7774256218533363,0.6547119047102608
65,0.3111569184086306,0.9546138966414776,0.710860642414863,0.8629784385005386,0.7795681459706277,0.6594765773242229
66,0.3055956947396127,0.9555723662585076,0.7164602832551885,0.8643324742047301,0.7834801701526398,0.649710355373455
67,0.3010719772294271,0.95640838104636,0.7204268214042017,0.8681685764484173,0.7874275965034238,0.6553585137590748
68,0.3054461747729521,0.9558865438498424,0.718357574334449,0.8646484084856744,0.7847433807740566,0.6575643737528895
69,0.299835870484654,0.9568062734115724,0.7235064906331594,0.8667912093039877,0.788693923131482,0.6615623294135549
70,0.2951055190546049,0.9574973322782196,0.7269119515551166,0.8697036523154682,0.7919225863089999,0.6624057964979831
71,0.2963550913033725,0.9572886839158652,0.7256016018482865,0.8695702348708162,0.7910891363774276,0.6535001781346568
72,0.2888442177673895,0.9586251128281796,0.732622985108616,0.8741133683541205,0.7971383032030153,0.6636737335163537
73,0.2859015938082187,0.9591010964108554,0.7356148221626049,0.8745280182540464,0.7990791332000047,0.6620731963529612
74,0.2917442340001785,0.958190451055641,0.7311050955309362,0.8706386080994356,0.794794224949672,0.6526000756920096
75,0.2818483740305729,0.9597832976611718,0.7391889823910207,0.876980772825901,0.8022109347723317,0.6520079644915153
76,0.2853536847040807,0.9590864779107252,0.7355613068475777,0.8744176369149457,0.7990014804002309,0.6611385699967509
77,0.2804485303785303,0.9600905470859348,0.7415087323812733,0.8763548109577438,0.8033121800227607,0.660944557383574
78,0.2765775704555374,0.9607496361373608,0.7449507997758915,0.8788278697892994,0.8063703960838335,0.6553025563124742
79,0.2723524127182343,0.96123911213561,0.7468838691069373,0.8821707631064366,0.8089097808423341,0.6567262915001197
80,0.2714885203636807,0.9616846983016228,0.7504256138871066,0.8809973245630744,0.8104862847474698,0.6573918428505761
81,0.2798264938935959,0.9602023865082546,0.7419990964626112,0.8770010770856018,0.8038714478554994,0.6563413156544033
82,0.2732942015361443,0.9612260248358224,0.7479576270569106,0.8794011144159063,0.8083709559631982,0.6568410994996015
83,0.2671490829947183,0.9625667383625478,0.7560995647973888,0.8819931192924726,0.8142086465905332,0.6476347846218554
84,0.2685469268894881,0.9620837098850228,0.7525852438874098,0.8823703355208774,0.8123265274244663,0.6614436995976588
85,0.2594111046666721,0.9637296472575833,0.7618739971278178,0.8873222122103763,0.8198269153532681,0.6574080303040826
86,0.262345778320333,0.9632156857865936,0.7590131639850438,0.8856565245781957,0.8174589288033154,0.6360157159089354
87,0.2634387198540804,0.9631572117860734,0.758751659540842,0.8853242730558192,0.8171657380227457,0.6586120543416558
88,0.2561057826919521,0.9642088580338058,0.7650410631892114,0.8878007282362701,0.8218621002367777,0.6396549510546942
89,0.2518907207593643,0.9649297306757298,0.7688524997657694,0.890658681998081,0.8252853751361532,0.6560456582204897
90,0.2527724150166237,0.964722338858948,0.7670152707573934,0.8914410235827701,0.8245606235160076,0.6563894434602755
91,0.2618719623993626,0.963159937734665,0.7586327216040728,0.8856355558154501,0.8172293065363171,0.6524850972555704
92,0.2543039681564132,0.9643484719197356,0.765180342081,0.8896619274309515,0.8227392187278678,0.6590255847799887
93,0.2518276202378513,0.9649660881009008,0.7690542179192461,0.8907831655684646,0.8254550205302784,0.6583815615028804
94,0.2498604169638036,0.9652163260617934,0.7708792258936696,0.8907100702335418,0.8264736551176728,0.6558597783017996
95,0.2472721459947044,0.9655087509953488,0.7718793249223568,0.8930485302816991,0.8280547346506568,0.6590363899390845
96,0.2484679643949158,0.9654473999861136,0.7716711861117708,0.8925548045194477,0.8277227113993634,0.6536366576662214
97,0.2395165267286541,0.9670477927314484,0.781075488597375,0.8971158057512886,0.8350837817658633,0.648406747372779
98,0.2397853333851416,0.96704485392541,0.7811459883898921,0.8969278990569668,0.8350426467684502,0.6546030949608788
99,0.2384306098059784,0.9672568187441114,0.7816877695154566,0.8989861603212532,0.8362436924990683,0.6600282440293266
100,0.2355223311473139,0.9678317467076584,0.7861302846724796,0.8985507631595968,0.8385895575240508,0.654141964587905
101,0.2317802688415102,0.9683774445373144,0.7890765054566181,0.9007346893330131,0.8412165609909211,0.658556603249608
102,0.2276455895613423,0.969173929637403,0.7935460591454009,0.9036206998900468,0.8450137755084075,0.6587038020585033
103,0.2304617814558873,0.96881697456565,0.7914509082089157,0.9025020459310412,0.8433363655901293,0.6555733541699255
104,0.2327493090959761,0.9682649665426546,0.7884395538488127,0.9003420418672359,0.8406833418860743,0.6529724424703269
105,0.2345155376217348,0.9680185325503256,0.7870889096127914,0.8993957156978359,0.8395029311917263,0.6578173249418777
106,0.2273502576050998,0.9691242033913052,0.7931576503854122,0.9036517100321354,0.8448070641471176,0.6596262593377662
107,0.2201680569983214,0.9705544612394004,0.8018479558635192,0.90767867231701,0.851487512368188,0.6576626678318901
108,0.2389914813123161,0.9672103814888836,0.7842914282809305,0.8930310317015205,0.8351364750218707,0.6517863868035854
109,0.2347014798320454,0.9678775797223922,0.7863680906110859,0.8987528459188734,0.8388128638789111,0.6579050207902222
110,0.2204595918385244,0.970453484413232,0.8014218320202834,0.9070353595360174,0.8509641835208681,0.6592730359158007
111,0.2165723478408168,0.9712220439895868,0.8060165656057484,0.9094223283064417,0.8546028242079287,0.6597664341651616
112,0.2141283627787082,0.9717550184370254,0.8096872170703089,0.9102276321630106,0.8570187980121163,0.6513726618263893
113,0.2167733384550904,0.9711757028635286,0.8057476252698338,0.9092619615716412,0.8543808406737042,0.6555245335019043
114,0.2128667467468076,0.9719102807784727,0.8099884222982614,0.911862678821461,0.8579118276730779,0.6580347741650326
115,0.2153150194304452,0.9715574455282688,0.8083571442580932,0.9098674715127544,0.8561137632118203,0.6564268404788546
116,0.2160405751934154,0.9714883698536289,0.8081565639016237,0.9092598203951636,0.8557322485836699,0.6541887009844629
117,0.2132498178657867,0.9719007365252172,0.8106408316540299,0.910546593624492,0.8576942139767944,0.6559445853522634
118,0.2130299718688718,0.9719690912310862,0.8108492390350304,0.9111286982916956,0.8580690793515345,0.6453209183291095
119,0.2075526516536157,0.9728868570112112,0.8159416631638021,0.9148161733543728,0.8625546731338735,0.650324184787243
120,0.2062834372623361,0.9732271748702752,0.8190381887921272,0.9140724467799513,0.8639497396983151,0.6493207000616794
121,0.2069764595559175,0.9729627853223612,0.8167448038441737,0.9144473741645353,0.8628390894151508,0.6594664747444013
122,0.2038046275433019,0.9737167950622784,0.8218981288497766,0.9158360378607254,0.8663280497912009,0.6590663180635274
123,0.2018020625273101,0.9740922138009408,0.8237206578462952,0.9178353060213722,0.8682349780956317,0.6584236782463554
124,0.203796714329891,0.9737500969531336,0.8217519384740487,0.916546465449238,0.866564489715412,0.6546115893353943
125,0.2015301907341257,0.9741107941961272,0.8237603681946363,0.918021145372888,0.8683401802490367,0.6578271581147938
126,0.2033154685184252,0.973736398546483,0.8217693824209124,0.9163281392822008,0.8664765926079729,0.647611386843125
127,0.2153640795204279,0.9715045264204704,0.8083603858589127,0.909115697068124,0.85578264871081,0.6503133088815822
128,0.2036140076012062,0.9735528192982548,0.8206473675525412,0.9157529749801312,0.8655956231265398,0.6517506484477997
129,0.2015338526140871,0.9739687084172678,0.8229919647658629,0.917400278028074,0.867635511956792,0.6449116633309626
130,0.2090596105340573,0.9724916356636364,0.8146934018355055,0.9115387705039798,0.8603994685609359,0.6551987923413037
131,0.1953599617260394,0.975149902453612,0.8308470710516692,0.9201155113026062,0.8732057272944074,0.6549421207514153
132,0.1985446577020686,0.9743032516597936,0.8257602824440364,0.9172232248834832,0.8690919977841106,0.6559589668583453
133,0.1946116499334788,0.9752336996239208,0.8313836269214687,0.9203492687070158,0.8736072890583423,0.6523424103528492
134,0.1937817226318146,0.9753192957829726,0.8310749390609892,0.9220205676982411,0.8741887525903442,0.6607274798087792
135,0.1891346507900052,0.976253870435018,0.837554830396439,0.9238394601990731,0.8785837521239709,0.6553781415984054
136,0.1864376733307358,0.976772185184111,0.8406980161084148,0.9256277855598468,0.8811210731791589,0.6551353660674982
137,0.1896729227825463,0.9762927066194876,0.8380954595387238,0.9234751648632054,0.8787162228382346,0.6522344412115892
138,0.1871565104924517,0.9766917594011032,0.8404088069826602,0.9250279608114498,0.8806904434674333,0.6579434368757605
139,0.1966328514780072,0.974964977397011,0.8303975517406095,0.9183700094713834,0.8721710356160822,0.6370188828345736
140,0.1976484047423163,0.9746671554972262,0.8283367763356357,0.9178010471977316,0.8707770377653834,0.6460829972608633
141,0.1900866367726874,0.9762188313527428,0.8380561343606034,0.9225546066452076,0.8782776673734923,0.643085092920466
142,0.1885542663202869,0.9764114398765328,0.8385916761068077,0.9242487940746412,0.879339178414677,0.6562316946652205
143,0.1856860304050308,0.9769711176339788,0.8422557051406151,0.9257543364730364,0.8820333064866898,0.6518430643304165
144,0.1844013561126139,0.97724457765567,0.8442838715513781,0.9261223234924862,0.8833115733522624,0.6577308142181761
145,0.1824755254570099,0.977569816967864,0.8463254423269949,0.9271623445911964,0.8849015901695343,0.6547048673137162
146,0.181825059057354,0.9777196960758204,0.8471568868624563,0.927816880090278,0.885654170613607,0.6438103644396257
147,0.1865721669235675,0.9768176817467517,0.8411887923505211,0.9254389928614652,0.8813049532171896,0.6493352091035821
148,0.1873146179232666,0.976653348931527,0.8410459547141438,0.9234905222669064,0.880342206694744,0.6511985097082624
149,0.1870309152245092,0.9766387510305048,0.8399592358047526,0.9250515875863744,0.8804542321119121,0.653590751604446
150,0.1786907823930541,0.978152812915278,0.8501424434036252,0.9288015259352586,0.8877329610207606,0.6555420915901934
151,0.175028154559487,0.9788840537747672,0.8547712698536742,0.9311466310138632,0.8913258418262802,0.6516028120900212
152,0.1770696611337953,0.978596387235101,0.8529017044544558,0.9302942212747886,0.8899185058926308,0.6539430240177243
153,0.1839657723635649,0.9773767277982268,0.845655806858318,0.9256836776492776,0.8838619408246113,0.6464028515681837
154,0.1798689248000117,0.9780761773680954,0.849655027789916,0.928561788003446,0.8873576998974942,0.6539692715915819
155,0.1801839434414458,0.9779771025262086,0.8493447967844296,0.9277519802929072,0.8868186891477767,0.6530284766711303
156,0.1747970083098617,0.978973316574998,0.8553385062031519,0.9314323673231072,0.8917651182919885,0.6517303331754731
157,0.1785965076506995,0.9783444258155268,0.851688233634749,0.928895368531912,0.8886179280700737,0.6491257525993489
158,0.1836071353164508,0.9773107969207026,0.8454132878915431,0.9252003624347274,0.883509149746201,0.653803848380229
159,0.1737342137280556,0.9791851371999452,0.8569221590683773,0.9317507381152154,0.892771233327735,0.6534739341883685
160,0.170096125802119,0.9798152845049886,0.8609190262602172,0.9338116573916808,0.8958850819402552,0.6573604256151316
161,0.1683464347512173,0.9802222748094556,0.863778191361688,0.9347448411675288,0.8978614048138303,0.651428496121174
162,0.1690955338664621,0.9799560588073216,0.8617608717991078,0.9343525628701096,0.8965897850376745,0.6433503540567045
163,0.1686013581351839,0.9802377584721108,0.864024132313249,0.9345768695645496,0.8979167341311265,0.6554576937240214
164,0.1705026174459954,0.9799087632559378,0.8617541150773682,0.9337569466409962,0.8963118171824147,0.6551776109826415
165,0.1695708994545954,0.9799393872627862,0.8618031647479162,0.9340756866014628,0.8964851746234154,0.6430960582591608
166,0.1824066285445964,0.9778402969853014,0.8492890590905198,0.9260507048309962,0.8860103826422244,0.6511042487668316
167,0.1683445148866811,0.980207532714679,0.863481478607558,0.9349982383285946,0.8978179222424876,0.6551411841332618
168,0.1654056218995464,0.9807835867627828,0.8675429370767912,0.936325915412011,0.9006230509462092,0.6505656791433406
169,0.1737946331661811,0.9792004011387846,0.8577206959762415,0.9307339007894,0.8927369256088267,0.6485308291272478
170,0.1739275170315941,0.9791292792861084,0.8570155894737693,0.9308875486600812,0.8924254611258318,0.6507318999028183
171,0.1665359402892829,0.9804788984937493,0.8654796762917462,0.9354931454295924,0.8991255114063313,0.6524146399376906
172,0.1683556402651526,0.9801984347754248,0.863778585165437,0.934439908103659,0.8977209218625392,0.650322551630747
173,0.1636888111988417,0.9809291331917434,0.8681451524937694,0.9372884849891716,0.9013928153748236,0.656055116459075
174,0.1613363621475027,0.9814897516417764,0.8721342549090206,0.93856580750853,0.9041314000085066,0.6505736800647683
175,0.1614884299179204,0.9814680676476896,0.8720071386860032,0.9384763949321748,0.9040216060222384,0.6549786018011582
176,0.1606026502768341,0.9816074618098036,0.8727283355405941,0.939189997368568,0.904740250454696,0.650883013959013
177,0.1733865590511466,0.9793978229874176,0.8596391638818689,0.9303767673196812,0.8936102661577409,0.6513500739799938
178,0.1707136884546108,0.9796674447086988,0.860536157196683,0.9324904038376972,0.8950695167375031,0.6523320861879206
179,0.1608348110382505,0.9814215067978154,0.8716972453498204,0.9383379567978514,0.9037908336559894,0.6503144506420744
180,0.1577604339598751,0.9820322222778856,0.875817950622437,0.9400884793187456,0.9068158488621854,0.6387612750028857
181,0.1561343949154126,0.9823313487878276,0.8778765418355171,0.9409009450414636,0.9082967804501298,0.6483144966241741
182,0.1567258466597941,0.982253635220673,0.8773586503841135,0.9406649726269046,0.9079096007352028,0.6478136299407456
183,0.1570444075162891,0.9822985206764504,0.8775734640680315,0.940920880132806,0.9081438155970344,0.6436957697402022
184,0.1580550419769698,0.9821070451035866,0.8761729360476573,0.9405190034580738,0.9072064214615048,0.638483666724565
185,0.1560824710956151,0.9824135735595786,0.8781524279957814,0.9415365791206056,0.90874059223101,0.6536493327847518
186,0.154770186023532,0.9828160526594492,0.8812533463551567,0.9421781198934788,0.9106979191566964,0.6543406351458557
187,0.1542460341408527,0.9829018136113632,0.8818026933034371,0.9424738975820652,0.9111294037409636,0.6515843532738442
188,0.1566935453108317,0.9824589671266803,0.8788809232822161,0.94107194382498,0.9089138447618624,0.6461166029452948
189,0.1597467201808802,0.9817593252984728,0.8742978455161124,0.9388409117690576,0.9054205952456736,0.6306726582021643
190,0.1556737763043359,0.9825003644668796,0.8789708016130021,0.941461194941862,0.9091434371310156,0.646465757003946
191,0.1556187353277806,0.9826126708023084,0.8799831742954581,0.9414326951446093,0.9096713664996878,0.6532019376241112
192,0.1540087100734813,0.9828257960374128,0.8813192764693988,0.9422067673580748,0.9107465059831672,0.647614490293768
193,0.1533836795003723,0.982945662245384,0.8820125536784944,0.9427246367309522,0.9113585985191892,0.6495173448196293
194,0.160897253309008,0.9815220029781366,0.873669631568245,0.9367602789022644,0.904115650103914,0.6494181965908719
195,0.1529061945972682,0.982940189749093,0.8821402710673146,0.9424781061013487,0.911311540423448,0.653596014164469
196,0.1526127483615343,0.9829461840894468,0.8817256456813818,0.9431327892677738,0.9113960312253812,0.6537913442753354
197,0.1552937585565683,0.9825017583398372,0.8791120450076081,0.941279047273928,0.9091340335385676,0.6445925876995515
198,0.1505249402077078,0.9834229641709556,0.8851627026325166,0.9442512955594362,0.9137527422089258,0.6455156646298005
199,0.1512872933698215,0.9832378743214928,0.8838514683469136,0.9437819349088258,0.9128341028156762,0.6489228565091812
200,0.1546172621599633,0.9826422991856156,0.8804339838085248,0.9411674845960812,0.909788284942163,0.6454139643829496
201,0.1645077592123755,0.9810048692445544,0.8698137891131631,0.9358104825502978,0.9016060256755398,0.6482776234366957
202,0.1545002830328701,0.9826089423638064,0.8805024283224671,0.9406563340873229,0.9095859224100178,0.6516549551251729
203,0.1507376743038352,0.983243765666308,0.884348388229456,0.9431645377465786,0.9128100019822292,0.6467844991251233
204,0.1469751016752754,0.9838804909530916,0.8884372374809439,0.9453811722365312,0.9160250901371636,0.6504249337364381
205,0.1462771933016588,0.9841021579515412,0.890140090857049,0.9457781020552636,0.917116033758144,0.6498712692337157
206,0.1451103526482479,0.9843502536052284,0.8918367710398939,0.9465137069258052,0.918362127621957,0.6483180240007409
207,0.1445989294125022,0.9844848962398224,0.8928625963367239,0.9467733061152886,0.9190280219185398,0.6500458986521263
208,0.1444798147560452,0.9845606803572182,0.8933307342071746,0.9470676809641142,0.919414687390736,0.6382915116901929
209,0.144800192160572,0.9843823538814652,0.8920712593248512,0.9465890172708772,0.918521890583674,0.632683419258792
210,0.1446917910638044,0.984502041563836,0.8929076437072181,0.94692200712997,0.9191219391166916,0.6510853662902982
211,0.1495546228754863,0.9836660679741992,0.8876958015497519,0.9437590464706176,0.9148693391290712,0.647654435296384
212,0.1491153307741494,0.9836307679698926,0.8872163462712817,0.9439823933273264,0.9147195133346048,0.6379347860816214
213,0.1611514490017359,0.9814541632499614,0.8739244101537323,0.935542540155919,0.9036843280719468,0.6470784538954398
214,0.1456717839933556,0.9841219674268232,0.8903292702651286,0.9457635568219508,0.9172095930732646,0.6489549123099013
215,0.1421504433420922,0.9849090456010412,0.8959086003994765,0.947854600236445,0.9211498396183948,0.6478952802050747
216,0.1400297098397779,0.985186529315112,0.8976809004454603,0.948864718698141,0.9225634354778808,0.641984392999387
217,0.140419177174997,0.9851608078959072,0.8973937903060314,0.9489342700168252,0.92244465067901,0.6512301032445524
218,0.139889469705254,0.985231730623875,0.8978684883339715,0.9491639665692948,0.9228039427052538,0.6500630182186378
219,0.1397335043967627,0.9854014123407442,0.8992372926041355,0.9494065840143012,0.9236411804216575,0.6484912956191825
220,0.1408629489781187,0.9851631149959746,0.8976596348371071,0.9486088111922396,0.92243123245638,0.6498457533692004
221,0.153363340380166,0.983030983749666,0.8842164427880221,0.9407148841889328,0.911591089789855,0.6324824651651975
222,0.1487356647045063,0.9836570936295912,0.8870000930423848,0.9446040728425285,0.9148962599074856,0.6505963179966094
223,0.1432000824498187,0.9846276892547144,0.8936284832105832,0.9474846197078608,0.9197688531277574,0.6538466229229704
224,0.1403664370074117,0.9850739002603288,0.8968793361170116,0.948563698818868,0.921997768943242,0.6422227967803057
225,0.1389788784783521,0.9853694150600462,0.8987446937436204,0.9496709823924412,0.9235062948737628,0.6499630060400279
226,0.1375859498763255,0.985637066133353,0.900753735784869,0.9502567787432268,0.9248433076849116,0.6494618438170688
227,0.1356874686940539,0.9859618659979152,0.9030657306612392,0.9511436688069572,0.926481391455916,0.6461646036609904
228,0.1381419974265338,0.9855807207072996,0.9001506757962614,0.9503702610965364,0.9245790368836828,0.6512750985544022
229,0.1359147074893653,0.98594163080774,0.9026286201628316,0.9514714903090352,0.9264067172762824,0.6401176860535489
230,0.1362187311106877,0.9859585083433527,0.902928517426402,0.9512825499433104,0.926475046546204,0.6440006686640863
231,0.1369938221659591,0.9858047360040324,0.9020178808114512,0.9506207787444082,0.92568179539547,0.6405144417625447
232,0.1443490100046284,0.9844868119568428,0.8933451158048898,0.9461463105757284,0.9189879042303856,0.6522394597444675
233,0.1427441137246519,0.9847936974640356,0.8952377709627233,0.9473477320806416,0.9205558934374236,0.6509100737349764
234,0.1380315498321605,0.9855436423133578,0.900140668427599,0.9499350116022232,0.9243677386133964,0.6486144287069434
235,0.1344995419059297,0.986180800181404,0.9043900695510728,0.9520515276334328,0.927608979025728,0.6493848208522585
236,0.1334665678441524,0.9863566204323811,0.9056208376988782,0.952564966986012,0.9284999177041569,0.6455265043116976
237,0.1336429551136579,0.9863632052804906,0.9057532427985728,0.9524723795617764,0.9285255095862148,0.6372193870557867
238,0.1337588823420538,0.9863988348705212,0.906073202981993,0.9524855219553284,0.928699853378208,0.6522197793096095
239,0.133377703080932,0.9864065252040796,0.9060715221764424,0.9525799552213547,0.9287438559816176,0.6429116284816141
240,0.1335592811002577,0.9864343271331668,0.9063443718239766,0.9525603892983704,0.9288778701516396,0.6491001501395911
241,0.1382889131204687,0.985515490199439,0.9001287609997642,0.9496102172806824,0.9242076621082936,0.6405080296666923
242,0.1436436107422379,0.9845040808755028,0.8936013394587333,0.9460123762953748,0.9190602563599074,0.6361429867403239
243,0.1407041111223989,0.9850340753186876,0.8970534697201413,0.947848029039669,0.921751501409702,0.6437672615247944
244,0.1481968904141899,0.9837412615838396,0.8888442539049426,0.9431131495111176,0.9151748857937456,0.6283438377553223
245,0.1436770821003605,0.984391410622504,0.8927388164467757,0.9457978894792628,0.9185027263584504,0.6404748225359552
246,0.1344896277024162,0.985998580474287,0.903253458147862,0.9513406570428906,0.9266736385198412,0.6465147716928845
247,0.1299489073776941,0.986766281754486,0.9087657466184356,0.9534153832159524,0.9305552813144472,0.6471002555565596
248,0.1287243175688836,0.9870145559337736,0.9104248306390316,0.9542559057338934,0.9318252228571584,0.6435646160912241
249,0.1274842196713677,0.987244421377106,0.9119683918955972,0.955028132105568,0.9330017047753508,0.6495041285132029
250,0.1280378815617492,0.9871699693353444,0.9115204916721148,0.9547113856542356,0.9326161472531048,0.6505858248077391
251,0.1278330699252567,0.9872300637990072,0.9118640437671922,0.9549898862636588,0.9329288440159428,0.6489095339760157
252,0.1288093989379972,0.9870384989633432,0.9105257556174584,0.9544125807851118,0.9319527829177344,0.6498086480545979
253,0.1312565534985322,0.9866058490369944,0.9074502314501598,0.9531879755073036,0.9297569465737476,0.6456134074462274
254,0.1285594804681462,0.9871510456216952,0.9113483065133516,0.954705183625818,0.9325230567233292,0.6471909207151085
255,0.1278276672358993,0.9873278752289524,0.9127282898373074,0.9550563365681342,0.9334126905752728,0.6473116401530806
256,0.131382652672289,0.9866879982786836,0.9081878137276826,0.9532216436615712,0.93015996788704,0.6434140672129713
257,0.1332395193334535,0.9862958118663164,0.9055397418000168,0.9519401126229292,0.9281603800343188,0.6501385971704176
258,0.1281090913970264,0.9872445449717524,0.9119792507970226,0.9550158018824042,0.933001503405248,0.6489508077715666
259,0.1263227933119955,0.9875789783523702,0.9146908672456016,0.9555581102005942,0.9346779889343312,0.6474867065637799
260,0.1310982448216393,0.9866244294321808,0.9078243728876768,0.9529285239851636,0.929829792174419,0.6323055120923372
261,0.1303146346974716,0.9867473511744678,0.9082010203940324,0.9539146465035768,0.9304967148112164,0.6292898441052903
262,0.1275406342616184,0.9873392322036892,0.9128077329612584,0.9550906692254464,0.933470629374187,0.6466764376701202
263,0.130497543395852,0.986698620551911,0.9083985978996644,0.953077815669218,0.930202010761234,0.6485370022614659
264,0.1303620166915783,0.9868228263052472,0.9089616645327712,0.9538397791605348,0.9308601260737216,0.6422869525304584
265,0.1277731850528888,0.9871947363292236,0.9119207263329264,0.9544973418401536,0.9327234065042308,0.6354394147175659
266,0.1256532015131531,0.9875904863872308,0.9145700150806462,0.9558468736903752,0.9347529900247968,0.6489161934073269
267,0.1245274148720631,0.9878010024020208,0.916138247855782,0.9563693207508944,0.9358215993409308,0.6443821372750084
268,0.124937520744346,0.9876660713799184,0.9149088414971178,0.9563162343409858,0.9351543962972164,0.6438028694496108
269,0.130382860012406,0.9867672018479652,0.9094502759377542,0.9525493880812962,0.9305010313106162,0.632856661333757
270,0.1315448423780554,0.9865132903795244,0.9073382670245024,0.9522238554230388,0.9292393433586984,0.6433884366975189
271,0.1266789054431074,0.9872911744853188,0.9122423440399304,0.9552364168932622,0.9332444644495612,0.6386431452795887
272,0.132045036329211,0.986366061690098,0.9068070750923454,0.9511445548110168,0.9284467882331798,0.6369486500924555
273,0.1244109224715678,0.9877231583738504,0.9153076186692466,0.9564908509744124,0.9354461789371796,0.6273984898000987
274,0.1227097786534175,0.9880123149156436,0.9175435962674654,0.9571091341407192,0.9369088393973636,0.6435994245614084
275,0.1213604263532504,0.988263012923276,0.9193485062979104,0.9578192663945452,0.9381896756091956,0.6438931020149506
276,0.1214261420821543,0.9882682519630126,0.9193506085900834,0.9578784071655284,0.9382191402240428,0.6419436629749653
277,0.1226696734912961,0.9881074141297356,0.9186952307891572,0.9567964485413272,0.9373588204077864,0.6367839083989797
278,0.1251451184423707,0.9876339573709432,0.9152948342731784,0.9554499438716428,0.9349414289420652,0.6447518451871037
279,0.1230696102858876,0.9879860785187452,0.9172398242101464,0.957178759293075,0.9367837948669776,0.6431469857600308
280,0.1211383126729683,0.9883386253814406,0.9197930297260888,0.9581583844483842,0.9385838171714864,0.6478624090504205
281,0.1209448005119673,0.9883992554219048,0.920369457055518,0.9581578676126828,0.9388835869543906,0.6399305586703222
282,0.1218545909086577,0.9882392484193068,0.9191120817726794,0.9578329256237984,0.9380731036778244,0.6447188111907116
283,0.1291403453663098,0.987034186883455,0.9108523052166208,0.9539446229742624,0.9319005686351765,0.642070751149999
284,0.1218709393317322,0.9882146118864432,0.9189723929216412,0.9577161207552654,0.937944329936491,0.6500260086630893
285,0.1212342108914749,0.9883299119588642,0.9197381513462936,0.9581238302900572,0.9385386668981048,0.6492271055568872
286,0.1204655592550905,0.9884756437797946,0.9207357015880232,0.958603527654697,0.9392881049320227,0.6420329678762854
287,0.1195717858646413,0.9886511138459402,0.9220625297172544,0.9590280712666226,0.9401820933020978,0.6511304348602986
288,0.1189047156853212,0.9887357349805588,0.9226235008680084,0.9593310108213584,0.9406192659786674,0.6459711464017508
289,0.1343801324959281,0.9862813306935714,0.9063156686388416,0.9507626870612989,0.9280072839101666,0.641354820962005
290,0.126106269336004,0.9875597868503206,0.914414224753157,0.9556791235884108,0.9345914049518989,0.6368775945909712
291,0.1202407276941289,0.9884404673701344,0.9205371975315628,0.9584352607170312,0.9391040353388308,0.6484205158908707
292,0.1183868439318679,0.9887573159791068,0.9229183687981704,0.9592217369873324,0.940719936942874,0.6385200801464365
293,0.1179341581656778,0.9887933712840308,0.9229876022469472,0.9595596737024248,0.940918396853352,0.640991545453066
294,0.119573457394358,0.9885300734888276,0.9214007070627198,0.9584218968224646,0.9395467546474394,0.6503318115605532
295,0.1167137785245188,0.989047131692348,0.9250199957159404,0.9600433580853334,0.9422063202198696,0.6348993200839986
296,0.1167573809168107,0.9890385487307872,0.9247518675658124,0.9602704704592956,0.942176538720367,0.6444040249894031
297,0.1185814015192093,0.988777269648143,0.9232977589738752,0.9589899730920568,0.9408054655517442,0.6466432439293454
298,0.1180491482691584,0.9888477117302636,0.9232737372097446,0.959845557679012,0.94120451910597,0.6475918579079265
299,0.1177584754852511,0.9889467659730424,0.9242628063519944,0.959793947942536,0.9416933389325592,0.6376648796378344
300,0.1200395136160387,0.9884656600789072,0.9206902310757876,0.9585423195409082,0.9392350610193816,0.6122254609025607
301,0.1273273951876506,0.9871729150077518,0.9123115679570128,0.9537416542109264,0.9325666960004616,0.6480210287130349
302,0.1199912412507499,0.988440927416874,0.9206239571308752,0.9583332964164976,0.9391002269280608,0.6387559333385044
303,0.1162597426354027,0.9890827132177936,0.9251164341232264,0.9603419414534424,0.9424001334897234,0.6348308902268893
304,0.1157630352745596,0.9891623081701224,0.9255311589922464,0.960766854233726,0.9428199085037676,0.6426764406076346
305,0.114428906694805,0.9893943296533988,0.9273678876396908,0.9612430814157992,0.9440016822169008,0.6476978633695509
306,0.1150944628384259,0.9892797368170104,0.9264432742223692,0.9610282992650006,0.943418927943266,0.6419028328849666
307,0.115713172357717,0.9892067404455296,0.925956790272802,0.9607675187367708,0.9430410194003076,0.6409460194407014
308,0.1169588602007293,0.9890110008573624,0.9249373012255836,0.959721517110658,0.9420084116318644,0.6466789482124404
309,0.1239002147327652,0.9877517156035548,0.9160467789186372,0.9559006246033286,0.9355494566639064,0.6474026349148448
310,0.1171847243907211,0.9888718126863258,0.9232927987998828,0.9601047877001372,0.9413390384811536,0.6394276100761599
311,0.116851450982604,0.9890266767783568,0.9250350714073352,0.959785604737641,0.9420899894096086,0.6382883388273336
312,0.1148469482126424,0.9893323675373004,0.9267857740329616,0.9612265426733518,0.9436920273133206,0.6320589047604332
313,0.1139492516894992,0.989485789691789,0.9280347413575256,0.9615017946012228,0.944471887456558,0.6442833975093891
314,0.1147070946104878,0.9893278151344884,0.9268257708678216,0.961124799873833,0.9436637244091722,0.6422780963447215
315,0.1148587408200871,0.9892668349091924,0.9265563524209324,0.9607401264445928,0.9433386615737496,0.6476035526732706
316,0.1191406080083881,0.9885172059128556,0.9215237733001008,0.9581188096003856,0.9394650543937936,0.638291950023723
317,0.1146675851866066,0.9893060212784938,0.9266416368612848,0.9610940850664312,0.9435534707731285,0.6426029154572764
318,0.1128210550401922,0.9896360807819004,0.9291098095734568,0.9619535090043116,0.945246447106482,0.6499305795020023
319,0.1140360460757351,0.9894308656041702,0.9276554587571848,0.961320680604692,0.944188079877355,0.6509794149398962
320,0.1127933950143323,0.989674340191353,0.9292936697678578,0.9621770773620352,0.9454495329045384,0.6456566800621699
321,0.11205781595580441,0.9898587502702603,0.9308303518224497,0.9624727073832786,0.9463871137554989,0.6427312099688193
322,0.11391879457363979,0.9894982384192366,0.9279892060362241,0.9617020315187084,0.9445448938284838,0.6368836365957476
323,0.11582307201280868,0.9892363756952062,0.9263544559285718,0.9606298189391637,0.9431808469464072,0.6446965345309383
324,0.11348178816570652,0.989595040492902,0.9288519489142798,0.9617868664074218,0.9450325446224191,0.6402567076809391
325,0.1183623323659245,0.9887377880249641,0.9233237137599019,0.9584951398247307,0.9405807476505706,0.6458064812678632
326,0.11662870113530176,0.9889647215286274,0.924582934869127,0.9596126862786618,0.9417721852858295,0.6288790826217437
327,0.11448108829665098,0.9892997866152161,0.9267627366668925,0.9608741345586179,0.9435102228723005,0.6374429221584138
328,0.11208020303425172,0.9897549170344844,0.9299682572618105,0.9623018562671054,0.9458588114184154,0.6456912173769356
329,0.11025822891605844,0.9900292765505471,0.9319467945653171,0.9631145434908382,0.9472743637165882,0.6451203639007412
330,0.10962888991071594,0.990154828112256,0.9328012401640638,0.96354927614945,0.9479259788940823,0.6419786112186143
331,0.11058645142014507,0.9900496765335843,0.9324286338945516,0.9627752777696561,0.9473589954865668,0.6306117130216338
332,0.11043594453296215,0.9900887530409777,0.9325421314095048,0.9630927625577047,0.9475712653305545,0.6442639762884222
333,0.11023190188750946,0.9901371540778103,0.9327125889160768,0.9634502651957818,0.9478322910861398,0.6397903914955382
334,0.11116227680455437,0.9899282516597937,0.931210583334339,0.962823786491923,0.9467533579652667,0.6413302597402903
335,0.11231862624986566,0.9897026639645031,0.929743184086312,0.9619650270570873,0.9455796850351926,0.6480862310282941
336,0.11120433460840647,0.9899286155773639,0.9312951697684777,0.9627266213800458,0.9467500917770121,0.6390593790718545
337,0.10978710197126694,0.9901477214200838,0.9327188766851389,0.9635652242225241,0.9478911658010671,0.6387400901200228
338,0.10947057675811456,0.9902360297949889,0.9333893693021805,0.9637886449129043,0.9483454569633988,0.640380829793982
339,0.11146715205671975,0.9898998660893203,0.9311981552303487,0.9625091073833967,0.9465947803893932,0.6370590169094744
340,0.11346352742247873,0.9895226002973303,0.9286474042768529,0.9611901426732338,0.9446385827718676,0.6461435956414135
341,0.11100290612511926,0.9899828255625809,0.9316611258918288,0.9629174814212332,0.9470314732985797,0.6385154693367926
342,0.11518824337680134,0.9892944995108948,0.9268013347580896,0.9607655252276366,0.9434778603575018,0.6365318943657207
343,0.11045113006244889,0.9900221149274209,0.9318188035777794,0.9631846116452238,0.9472421265712194,0.6435846218512074
344,0.10957657331399781,0.9901307820871478,0.932708496507953,0.9633813045464708,0.9477968054337083,0.6449427324415935
345,0.10812874982575718,0.9903778477854476,0.9345834811756656,0.9640097767594638,0.9490685899001746,0.6440832559270394
346,0.10727393355140154,0.9905221788670513,0.9355216489541757,0.9645656704732355,0.9498216817084385,0.6442249069146923
347,0.1072315301129715,0.9905524183572217,0.93581759152161,0.9645647106355041,0.9499737219706322,0.6394575470498445
348,0.10706252801707751,0.990590252051781,0.9361414718974167,0.9646186092158008,0.9501667186971305,0.6456965788462135
349,0.10846175242671006,0.990388552455106,0.9344754755193097,0.9642617710807684,0.9491349881815245,0.6471801098458626
350,0.10740051146516268,0.99055563181803,0.9358057578563025,0.9646158035362785,0.9499924031665506,0.644918538707378
351,0.10677328070612263,0.9906196675776416,0.9362770734360852,0.9647978773705408,0.9503235342705022,0.6392899893848482
352,0.10735911806281521,0.9905445700971707,0.93581408443843,0.9644782514060146,0.9499299815880338,0.6392435751231544
353,0.10674317589820288,0.9906295826148365,0.9363198643358296,0.9648617434965087,0.9503765585061918,0.6437127365788066
354,0.11576602539623813,0.9891599667382087,0.9264619168122037,0.9596067057512591,0.9427430766414134,0.6332428428798098
355,0.10975945983484066,0.9901151061661534,0.9327926916475973,0.9630991860871373,0.9477037089132226,0.627622275698527
356,0.10918245591866456,0.990173229981842,0.9331246283448074,0.9633768006925008,0.948009429719776,0.6407902973324007
357,0.10703320337606849,0.9905121814334255,0.9353094134932523,0.9647015244290515,0.9497781291685171,0.6319916525868119
358,0.1049385157634886,0.990860560409987,0.9380318073710672,0.9655074189549937,0.9515713222054629,0.6349111561530228
359,0.10500202366827632,0.9908920907775762,0.9384033690036451,0.9654341021190559,0.9517268440412393,0.640984302058729
360,0.10487565072588355,0.9909626289888661,0.9390087025691956,0.965535992585918,0.9520876060176917,0.6405218272327675
361,0.1050177435625157,0.9909104445825775,0.938332591191766,0.9657284031342098,0.9518334103799956,0.6386674902980229
362,0.10881443817516882,0.9902606800605911,0.9339613302603458,0.9633934132686196,0.9484490940759902,0.6474986281068142
363,0.10999525709600329,0.9900237353905634,0.932251954994462,0.9626854960249428,0.9472243373851351,0.6373542709276964
364,0.10616417871051126,0.990665404463206,0.9365102964138238,0.965050167026532,0.9505660591418533,0.6374230854542047
365,0.10528500932905314,0.990816904034305,0.9378062819157986,0.965269748365987,0.9513398512269295,0.6408916484948033
366,0.10403974302005854,0.9910189881476579,0.9392150847808914,0.9659423731146203,0.9523912515456352,0.6386524680109772
367,0.10386320941900606,0.9910617244298606,0.9395434498983236,0.9660493581048255,0.9526120615841125,0.6351081497211749
368,0.10422156032898443,0.9910490422458587,0.9395755865215746,0.9658660290981453,0.9525394358472645,0.642878224825033
369,0.10385298305492607,0.9911146710031359,0.9400179427916904,0.9661031090177788,0.9528820388415975,0.6393204329088865
370,0.10461492371484102,0.9908943978776437,0.9381467033923858,0.9657619974548056,0.951754077042363,0.647094727277972
371,0.1043567320452534,0.9910082834779995,0.9392784881245982,0.9657450895440003,0.952327937831376,0.641515993789831
372,0.10473358891100334,0.9909498575420639,0.9388010822158593,0.9656323455274072,0.9520277031452917,0.6328338941976042
373,0.10358329542088422,0.9911591994077125,0.9403162052780011,0.9662662814321015,0.9531146429569313,0.6435250757626753
374,0.10319342679953833,0.9912090149166104,0.9407061325685399,0.9663833816353213,0.9533718965427573,0.6355478672770708
375,0.10409008064340773,0.9910661875698722,0.939759540751125,0.9658480136822654,0.9526251967901285,0.6341676539201165
376,0.10503495188443351,0.990875034716363,0.9381788891890989,0.9655012907602476,0.9516440187975191,0.6364580849317681
377,0.1038066359009031,0.9911195529916715,0.940094858728205,0.9660693670298397,0.9529051409601302,0.6379552832948249
378,0.1056868846280326,0.9907756989524448,0.9374899641841049,0.9651671195624085,0.9511272378820177,0.6429997989067331
379,0.1064913477480626,0.9906387560841524,0.9367816368107756,0.9644228023186135,0.9504012853529636,0.6453783389425117
380,0.10308567589993099,0.9911658460531451,0.940205423904169,0.9664719082076167,0.9531577418412804,0.6410462242831567
381,0.10241938449388785,0.9913188836909558,0.9415809653499687,0.9666253345772831,0.9539388017927761,0.6472035732604859
382,0.10205529859329728,0.9913696604915485,0.9418667542796184,0.9668752615557817,0.9542071760768873,0.6392821352655395
383,0.10225046273294112,0.9913493978358962,0.9417684150654256,0.9667572753485023,0.9540992521410222,0.6323833164391564
384,0.10187357933454805,0.9914050634913939,0.9420217810998601,0.9671008972563112,0.9543966137588343,0.6377129296372603
385,0.10304100799421184,0.9912050873534003,0.9408405121434998,0.9661817418780746,0.9533427551097498,0.6414434274721107
386,0.10371374348245507,0.9911108945000492,0.940042507777837,0.9660310473542589,0.9528596059696275,0.6348646468086486
387,0.1030811082250137,0.9912658409885111,0.9413779292332831,0.9662532128722214,0.9536533856798938,0.6442876153101689
388,0.10170968198518959,0.9914488365953531,0.9424996011649079,0.9670478846800743,0.9546159520772757,0.6454499242052953
389,0.10150399920698121,0.9914523590427776,0.942405139239042,0.9671977670335019,0.9546405101488751,0.646687646610271
390,0.1031704006059993,0.9912100654711055,0.9407792034153002,0.9663102863003985,0.9533738466916121,0.6168321630022878
391,0.10444062467155268,0.9909573830827603,0.9390860111374819,0.9653851503947591,0.952053996308544,0.6411497057061953
392,0.10251332178926297,0.9912767104510315,0.9412180612145928,0.9665638311288076,0.9537225809997897,0.6462815560122809
393,0.10270703605396285,0.991276229805184,0.9414685166732887,0.9662670197688179,0.9537065913325298,0.6461763773474426
394,0.10134574793707982,0.9914353647788875,0.9422778988321306,0.9671507349846677,0.9545523160963986,0.6411976351380669
395,0.10014856999351394,0.9916560018219499,0.9439226377695886,0.9677716761631535,0.9556983945235076,0.6443477089017323
396,0.10178113412514007,0.9913004337567851,0.9413816464803433,0.9666455650033122,0.9538463477553343,0.6420471887697641
397,0.10098679610293546,0.9914738439121562,0.9426760640921981,0.9671296923882505,0.9547463230683666,0.6439968846616353
398,0.09967432405612023,0.9916894341738208,0.9442105911449807,0.9678214400578383,0.9558702355681025,0.6451707011659362
399,0.10861644554856441,0.9903181447048318,0.9348614347129199,0.9629900599204546,0.9487172959288144,0.6447663026437316
400,0.10233361011357617,0.9912273069242884,0.941064025731627,0.9661764258537165,0.9534548998529436,0.636545390529635
401,0.10047327229927341,0.9915394040057409,0.9431382052592013,0.9673449175410789,0.9550882062324068,0.645077217916554
402,0.0996350080123265,0.9916873536639386,0.9444576900944577,0.9675127414767147,0.9558462137943782,0.6374687051558773
403,0.09924845004842865,0.9917343882932909,0.9446707004048537,0.9678046059807046,0.9560977356771371,0.6263680347248187
404,0.09874011513194163,0.991799158754412,0.9450857046103913,0.9680664201803373,0.9564380406245747,0.6439163102699472
405,0.09837615195152571,0.9918927748327462,0.9458178999735825,0.9682930895522697,0.9569235446959335,0.6372148802043325
406,0.09795499673421434,0.9919687649412194,0.9464072148346365,0.9684835065914272,0.9573181047155283,0.6478486641149344
407,0.09797345775869681,0.991950294407941,0.9461698175047071,0.9685451577072459,0.957226748604177,0.6432698908301141
408,0.09879543571967445,0.991830407600862,0.9452740213143468,0.9682064826554369,0.9566028328206857,0.6394210368575036
409,0.09919832617366056,0.9918060388563991,0.9451025029528483,0.9681256347849919,0.9564755426291829,0.6424054177993374
410,0.09905553625213157,0.9918297072311987,0.9453565107048743,0.9681036323508434,0.9565948631868191,0.6222450763463115
411,0.10134068534796616,0.9913954093762305,0.9421396255161075,0.9668534806226482,0.9543365800887885,0.6362270787741178
412,0.09935117770227597,0.9917562233475011,0.9448260676528503,0.9678750433034484,0.9562116798128667,0.6394349495981967
413,0.0985737977643236,0.9918906805901254,0.9458110492765296,0.9682770676455239,0.9569122144834967,0.6354856256267548
414,0.09791201844865041,0.9919727886335991,0.9463230527993693,0.9686258579103476,0.9573445784915552,0.6400225471409577
415,0.09769095902552279,0.9920245198595173,0.9468582569276154,0.9686022311354231,0.957606827125429,0.6434307281897178
416,0.0977924859968664,0.9920068938896565,0.9467677792656571,0.9685049921898742,0.957513033474041,0.6294564382626504
417,0.0996997122043114,0.9917331454804569,0.9447735794828499,0.9676719268727689,0.9560856684056036,0.6393492017781879
418,0.09799458684145118,0.9919560072271557,0.9463056671399384,0.9684544899584729,0.9572519762512682,0.6280852181466389
419,0.09727880327875237,0.9920690139322477,0.9471221203555291,0.9688071195742219,0.9578419016563612,0.637246357481469
420,0.09902109420128005,0.991778655775836,0.9451289529165512,0.9677826035465561,0.9563216403292726,0.6346560419255192
421,0.09818810282154478,0.9918991124915626,0.9460639241098178,0.9680830327564561,0.9569468316404617,0.6361786901498805
422,0.09739465076181529,0.9920087752748306,0.9466952596624219,0.9686094668352437,0.9575269961285596,0.6429473767434754
423,0.0969022118198357,0.992127295674429,0.9475183217830102,0.9690177670394086,0.9581474554619512,0.6362018112166492
424,0.09674865083782364,0.9921966803356853,0.9481710253003586,0.969062288743407,0.958502835484084,0.641688208022202
425,0.0972406481452983,0.9921074930655164,0.947502028009567,0.9688109589251471,0.9580380184218241,0.6440367412359412
426,0.10360751878604185,0.9911791942749641,0.9413720176296542,0.9652664996844349,0.9531695327736425,0.6369095552918228
427,0.09896846737364214,0.9917670584781753,0.9449268686851212,0.9678827220052989,0.9562670473947026,0.6422177718752232
428,0.10169112857886785,0.9912554384390996,0.9415515871093815,0.9659321102342624,0.9535860387142662,0.6479742425848913
429,0.0970686726513312,0.9920413493305454,0.9468005270313533,0.9688600583167872,0.9577032808943596,0.6340309985782215
430,0.09532743180505664,0.9923165465436565,0.9490328468366731,0.9694435658237519,0.9591296312529219,0.6296720329944767
431,0.09454821164069845,0.9924235108438098,0.949689568519038,0.969912188137646,0.9596943577068587,0.6409110716218709
432,0.09434060265960025,0.9924775285706878,0.950174122205154,0.9699755374279125,0.9599727294300199,0.6392367739225545
433,0.09443491196139253,0.9924803643811875,0.9501332882843857,0.9700540226208649,0.9599903229146353,0.6401859182592734
434,0.09493250507030555,0.9923759131721791,0.9494709059357643,0.9696200282989696,0.9594396912198404,0.6413251167797199
435,0.09518610416717238,0.9923664787808316,0.9493774401372513,0.9696190684612384,0.9593914996711435,0.6423272435106983
436,0.10025284216879941,0.9915475337869312,0.944507151450669,0.9658584242299665,0.9550634711882855,0.6312353852809586
437,0.10798142984402266,0.9901508662171996,0.934283244871611,0.9617409418636623,0.9478132759871987,0.6380315776990214
438,0.09834373576177967,0.9917918804030086,0.9451228369981767,0.967940607603864,0.9563956445726829,0.6357884205274245
439,0.09508864050932067,0.9923261594606044,0.9490726660024852,0.9695075057833915,0.9591812599280367,0.639461566407208
440,0.09402035773068453,0.9924692751948511,0.950111511726107,0.9699528704907192,0.9599296738383486,0.6404565961422495
441,0.09337832721070849,0.9925944216407744,0.9510294661766986,0.970332744731303,0.9605841386871827,0.6363431722795486
442,0.09332793624066621,0.9926052842369255,0.950970593497419,0.9705224972674158,0.9606470714517359,0.6384256889855804
443,0.09367462117626942,0.9925871364230018,0.951140957864585,0.9701240907752506,0.960538742533964,0.6301818929195355
444,0.09358199187319913,0.9925966188789339,0.9511092714788426,0.9702674019319023,0.9605928234289973,0.6409059612444025
445,0.09358572898258408,0.9926299139034199,0.9513277667168955,0.9703977921960172,0.9607681598397041,0.6388740477213742
446,0.09351488859426203,0.9926146224991035,0.9512044827293459,0.9703638287070632,0.9606886398481443,0.6410496327533873
447,0.09370054556525868,0.9926012811436536,0.951039664084258,0.9703989735347635,0.9606217921815292,0.6417766288784881
448,0.09425103829222188,0.9925532302916527,0.95084408690473,0.9700754343856404,0.9603634930187094,0.6384295989207409
449,0.09653715285465872,0.9921923133248433,0.948029914438247,0.9691735560865673,0.9584851452423531,0.6303868200613364
450,0.09521671692780453,0.9923837820313379,0.9495489308510069,0.9696207666356861,0.9594798870528053,0.6429193973919765
451,0.09456212431353202,0.9924836602384267,0.9502033225943824,0.9700120112617022,0.9600054950153927,0.6371886081674217
452,0.09546489914436992,0.992326592041867,0.9494163030095985,0.9691218725164199,0.9591678884554995,0.6331688138428726
453,0.09741113054827391,0.9919723903841827,0.9467684655193428,0.968111089551679,0.9573208385663785,0.6410335246816855
454,0.09413944328163597,0.9925299532999001,0.9506258673508519,0.9700584526411633,0.9602438550931314,0.6442618641466034
455,0.09328145138490543,0.9926677475979793,0.9517187833328047,0.9703848713034803,0.9609611915089632,0.639526797873315
456,0.0931315221455243,0.9926702881546012,0.9515956833790752,0.9705526214054446,0.960980672222587,0.6396072405062632
457,0.09297181048142396,0.9927056293571233,0.9519164086528132,0.9705909410810254,0.9611629760819548,0.6390666751956534
458,0.09351470897630822,0.9926122947999283,0.9512051142825835,0.9703367317495716,0.9606756821063729,0.6324912182057908
459,0.09283624869509996,0.9927446097353471,0.9521817762556787,0.9707330708989309,0.9613679368968493,0.645431710279342
460,0.09285145011737192,0.992749169004528,0.9523453784281344,0.9706003179573236,0.9613861991475061,0.6393482321145615
461,0.09344226257245747,0.9926622819680574,0.9518129144805139,0.9702167520331578,0.9609267229527741,0.6304967048938918
462,0.09459595852564993,0.9924753931298514,0.9503324071102215,0.9697719041615316,0.9599537510743666,0.6054550560293908
463,0.09428936060812833,0.9924853150334156,0.9503318001708358,0.969885165013826,0.9600089276765024,0.6381108640795112
464,0.09270850673532315,0.9927560353737765,0.9522588673629447,0.9707755252601235,0.96142804901885,0.6425742835761764
465,0.09224637670161055,0.9928406015774413,0.9528951747039963,0.9710160015286523,0.9618702504019678,0.6392984865571645
466,0.09276299592670348,0.9927469648999993,0.952310387680347,0.9706147893569649,0.961375468352791,0.6419921513106253
467,0.09369686617107272,0.9926378102280558,0.9513638327157716,0.9704465224192991,0.9608104364175181,0.6345383490901617
468,0.09298516708097869,0.9927473356839387,0.9523615636064119,0.970561333778698,0.9613753215694201,0.6375199279337296
469,0.09222165851605882,0.992837195858294,0.952819526729673,0.9710625905754566,0.9618545644293773,0.6375002929318199
470,0.09257728772626507,0.9928167340779334,0.9529410826686614,0.9706943820549919,0.9617358094494868,0.6364554597298363
471,0.09281940625565087,0.9927832055968929,0.9525203110206653,0.9707885199863319,0.9615676568266203,0.6443758633321046
472,0.09357659406155991,0.9926248808547607,0.9514933660159708,0.9701536980775779,0.9607329306040964,0.64461030876929
473,0.0924581022624918,0.9928108290003796,0.9526304550055712,0.9709770911836985,0.961716281480319,0.6364024478024766
474,0.09256703377091627,0.9927910469905747,0.9525964320047747,0.9707915471668691,0.9616079273302222,0.6354336361837047
475,0.09152441001463708,0.9929372319918754,0.9536876789732005,0.9712180842879289,0.962373055616127,0.6280736603760282
476,0.09098608688645654,0.9930259180170893,0.9543983605450255,0.9714231942277426,0.9628355250969894,0.6386479104615337
477,0.09114754257603086,0.9929904806853976,0.9540787252517807,0.9713811090349083,0.9626521766267033,0.6435899618373123
478,0.0911208173434297,0.9929898009148421,0.9541559244585075,0.9712868972698966,0.9626452023613702,0.6404778728387329
479,0.09058165544871803,0.9930640606982647,0.9546659670888897,0.9715542489949023,0.9630360733953495,0.641298318432444
480,0.09090965927290402,0.9930048382634963,0.9542420675363267,0.9713602141058344,0.9627250526940647,0.6368816167514929
481,0.09076779240594922,0.9930407631074045,0.9543914718042202,0.9715985491978858,0.9629181452241816,0.6409013051836221
482,0.0918752017879872,0.992924151558457,0.9537790064753211,0.9709677881410719,0.9622966458580892,0.6333296062791106
483,0.09212444095517235,0.9928586326630878,0.9531768793390817,0.9709031836783876,0.9619583764176681,0.6353656181088191
484,0.10169596551991195,0.9912411151928472,0.9427036328780818,0.9644332866999863,0.9534446674565663,0.6259478059407014
485,0.0977219694273935,0.9918069932817246,0.9457081017535801,0.9674406059795233,0.9564509181560862,0.6371673114593938
486,0.09172757416159558,0.9928255230305715,0.9529248989686036,0.9708119990939131,0.9617852909987813,0.6381181088494757
487,0.08981064227309159,0.993091533041628,0.9549065832047655,0.9715951528489903,0.9631785845838999,0.6362888411132102
488,0.08862868597288784,0.9932687746310398,0.9562174086017398,0.9721307423030612,0.9641084145422141,0.6359887341924712
489,0.08864528503563764,0.9932900878411871,0.9565039139466461,0.972051814108079,0.9642151909098805,0.633772481520374
490,0.0887771472468865,0.9932459645523962,0.9560591525791747,0.9720500420999596,0.963988286637774,0.6360206910009966
491,0.08854472350409563,0.9932951826871695,0.9563558071409398,0.9722741272933846,0.9642492747502064,0.6297170963340263
492,0.08893048735134465,0.9932790947840203,0.9563626997104663,0.9720851869276599,0.9641598512048796,0.6377393264191566
493,0.08940893672942686,0.9932363379027098,0.9560677287184972,0.9719319820590084,0.9639345870869359,0.6221597952353021
494,0.09038158238148518,0.9930830942738216,0.9549448220552106,0.9714571577166966,0.9631302213672694,0.6327267690546179
495,0.09026002322437524,0.993073103706565,0.9548204217913968,0.9714835163374719,0.9630798987347331,0.6360761486830985
496,0.08909628175788646,0.9932622447138845,0.9561490518595173,0.9721333264815686,0.9640749392690598,0.6350841308425355
497,0.08898740486248577,0.9933075009536013,0.9565647244733331,0.9721802846967311,0.9643092910135306,0.638844345051037
498,0.08888508016310578,0.9933160976479005,0.9567564032222315,0.9720638489965561,0.9643493848620266,0.6291501290119802
499,0.08867439299339441,0.9933366967556461,0.9567631739361351,0.9722883033583393,0.9644632650309514,0.6443873385826916
500,0.08864503723683118,0.993341695472459,0.9568183628058811,0.9722832088349962,0.9644887980365344,0.6320382979711171
501,0.08874572172975369,0.9933182880196908,0.9564860544395299,0.9723893816548134,0.9643721576144492,0.6375324440152109
502,0.08884564960683636,0.9933335038939455,0.956879026196079,0.9721235066032405,0.9644410295210314,0.6430351559437415
503,0.08963176959174142,0.9932204491242688,0.9559193263231522,0.9719183228297552,0.9638524372721776,0.6395229260522888
504,0.08908742466579667,0.9932857620285606,0.9562996238666325,0.9722305654271175,0.9641992945623307,0.6430269797378576
505,0.08991925008326983,0.9931136770824545,0.9550520261617769,0.9716824242488679,0.963295453472462,0.6419334258091127
506,0.0897704467793806,0.9931543328547748,0.9553147477974321,0.9718475163386532,0.9635102162866567,0.6295922969294935
507,0.08911023266184673,0.99323578859317,0.9558811294298445,0.97213384331727,0.9639389830910516,0.6389979966762369
508,0.0889362175044396,0.9933070271741232,0.956597744039971,0.9721381995038968,0.9643053645091734,0.6387157189581409
509,0.10054531511214139,0.991379204744804,0.9433290988667379,0.9652913816317773,0.9541838814814512,0.6375643632725314
510,0.09341327300657043,0.9925271106230312,0.9505828524463018,0.9700749175499389,0.960229976018098,0.6286067648657416
511,0.09019541052980817,0.9930439765682129,0.9547128347914187,0.9712750838824343,0.9629227470275726,0.6411903539131665
512,0.08779940246302875,0.993420885309002,0.9573275696360556,0.9726087414932535,0.9649076576580701,0.6366563092850626
513,0.0869287393665571,0.9935169732802657,0.95816930168207,0.9727558920008305,0.9654075018492094,0.630275616030733
514,0.0874671189637064,0.9934483439196268,0.9576897153696878,0.9725157110669881,0.9650457736446,0.6389932597685417
515,0.08661515512269177,0.9935911575336265,0.9586756539132663,0.9730291504195672,0.9657990754724275,0.6353542399747294
516,0.08635668857224124,0.9936051855260012,0.9588122088278146,0.9730357216163431,0.9658716038760181,0.6369117410341376
517,0.08649566762899752,0.9936087354389027,0.9590835558598687,0.9727756794248298,0.965881095927026,0.6463456031134474
518,0.08663020779465815,0.9935617900723507,0.9584456205162102,0.9729536924071519,0.9656451663962181,0.6396823612483377
519,0.08664460189426117,0.9935928123286154,0.9587090790048014,0.9730107658353291,0.9658069804143327,0.6341893836020364
520,0.08667365630431999,0.9935942954643731,0.9587164019014673,0.9730193305412392,0.9658149154568572,0.6407239500302547
521,0.0868134723587645,0.9935911506672573,0.9589050577349153,0.9727753840901432,0.9657904233505116,0.6447989478105379
522,0.08918821140319752,0.993171327118665,0.9554818848128014,0.9718525370283246,0.9635976852972657,0.6355337237173602
523,0.08926432847762279,0.9931805623853042,0.9559485548068298,0.9714361151202795,0.9636301095738322,0.6437427419281097
524,0.08843432622794196,0.9933175670509197,0.9565334679876034,0.972328468875711,0.9643662976409989,0.6363779072169208
525,0.0881837321941158,0.9933520224918087,0.957015391709142,0.9721804323640745,0.964538307289595,0.6390866032862303
526,0.0891325016164308,0.9931996783572921,0.9559935026898861,0.9716015025447513,0.9637343125647382,0.6364175317196582
527,0.08866992461488402,0.993300613985245,0.9564673743015217,0.9722110733378047,0.9642749663329763,0.6361562805949219
528,0.08681300287838463,0.9935964446379479,0.958803186057495,0.9729474903787343,0.9658235558252903,0.6377256980988023
529,0.08664745375138821,0.9936010039071289,0.9588787602466181,0.9729151512305563,0.9658459616157972,0.6342126510569019
530,0.08633274180318812,0.9936804958639189,0.9594959536575784,0.9731261678641011,0.9662629958191093,0.6275570778641589
531,0.08581488646513266,0.9937388600025312,0.9597943724992145,0.9734520696907166,0.9665749777131328,0.6329928803953758
532,0.08651040995614134,0.9936355966754029,0.9590875202080129,0.973073007620521,0.9660296485913297,0.6257835882767355
533,0.086876387580586,0.993579374843996,0.9586391291755987,0.9729371536647048,0.9657352225926358,0.6385234073621303
534,0.08785551569337467,0.9934362385106417,0.9575589869255744,0.9725245711075848,0.9649837585466946,0.6349659686919648
535,0.08720089314277653,0.9935484487169008,0.9584476842631855,0.9728014473762319,0.9655712245619367,0.6435769285713544
536,0.08695462056629949,0.9936008940452209,0.9589281377592922,0.972859332974797,0.9658435025637283,0.6349975862902719
537,0.08611311819806373,0.9936984239540267,0.9596121063868125,0.973199263199024,0.9663579277191694,0.6291617476767012
538,0.0862287753563133,0.9937026055728991,0.9596729944472954,0.9731790327729948,0.9663788260684486,0.6392362662428305
539,0.0860907621547687,0.9936904932975447,0.9594607814023037,0.973277231556275,0.9663196220584374,0.6323024800068797
540,0.08561058752506757,0.9938084918530804,0.9605069457562883,0.9734482303397914,0.9669342889972807,0.6379452081800802
541,0.08549331072315895,0.9938273949676215,0.9605922946533241,0.9735662903807425,0.9670357788758982,0.6320387711073033
542,0.08585542018304197,0.9937844114961258,0.9603003615030895,0.9734055544775839,0.9668085494581293,0.6343212550794436
543,0.08639944464021879,0.9936931368497054,0.959637818778183,0.9731115487971166,0.966327719239719,0.6433296181332796
544,0.0860021021887124,0.9937379330426827,0.9597811243601465,0.9734562782100001,0.9665703342731976,0.6282642402256672
545,0.08586424787481911,0.9937972310075128,0.9604297645239561,0.9734068834836734,0.966874782162608,0.6383945392014178
546,0.08607735338774945,0.9937420528642318,0.9598740019065425,0.9734000907858826,0.9665897289272642,0.627135015263242
547,0.08646957934063544,0.9936643736289233,0.9593936983260656,0.9730580193851781,0.9661775488077445,0.6350378366746763
548,0.08596049088368313,0.9937163863759808,0.9597029817219241,0.9733006368301846,0.9664539831306016,0.6457234857884022
549,0.09228201771972419,0.9928180867526754,0.9533807918774831,0.9702157183617549,0.9617245871886828,0.6411470334917715
550,0.08687462609448879,0.9935730577842875,0.9585791094468158,0.9729325759770632,0.96570251090893,0.6368037640523366
551,0.08538166965565665,0.9938043514324235,0.9603796999441644,0.9735418514354299,0.9669159852918218,0.6422928841229021
552,0.08459644967006694,0.993903721528188,0.9611436642413597,0.9738157005235398,0.9674381878408947,0.6390719276382308
553,0.08432096233524436,0.993963349078742,0.9616537219263314,0.9739237930188196,0.9677498660710552,0.6350397732902779
554,0.08420427036371163,0.9939798695631539,0.9618121943326946,0.9739350157369088,0.9678356448099247,0.6344816544951286
555,0.0848379679252025,0.993846030293762,0.960816839294797,0.9735282660398483,0.9671307864981294,0.6338002613079843
556,0.0842757195823913,0.9939516556519118,0.9616140240416684,0.9738363739515988,0.9676866069879012,0.6414063727726754
557,0.08385488420403261,0.9940026796417974,0.9618538977550816,0.9741447033643641,0.9679602860938968,0.6303426835241583
558,0.08485979888346984,0.9938921860278505,0.9612546838322131,0.9735645183726231,0.9673704418811743,0.6347829455193164
559,0.08487636201994882,0.9938911011415091,0.9611745579977043,0.9736403455533966,0.9673672939653386,0.6363011363385485
560,0.08432599946374086,0.9939641387112056,0.9617444608678146,0.9738331252700466,0.9677510431466138,0.6320103854141504
561,0.08417331393834927,0.9939848682799668,0.9617882285764112,0.9740172664471148,0.9678641203439955,0.6416641805478368
562,0.08513366593141779,0.9938570370836673,0.961061676208308,0.9733825922057041,0.9671828968473433,0.6255260792574048
563,0.08582117026604766,0.9937377407843437,0.959929230548978,0.9732908169518566,0.9665638489780648,0.6389924488334144
564,0.0852583343792948,0.9938455496479146,0.9607797718593943,0.9735636323685635,0.9671294585575451,0.6436614315527668
565,0.08483394286293777,0.9938950630365656,0.9611012460703904,0.9737652721258102,0.9673918150102462,0.6388644654304194
566,0.08421237241449973,0.9939578010523892,0.96161592288002,0.9739031195907606,0.9677205200166744,0.638031090176726
567,0.08419581064485389,0.9940147095207208,0.9620992036108305,0.9740105475829957,0.9680182350823101,0.6348459722028574
568,0.08443531079097188,0.993943484672506,0.9614629839431347,0.9739105767915962,0.9676467512559669,0.6346275159126405
569,0.08338691692182915,0.9940961240609004,0.9626640125891168,0.9743033719247168,0.9684487214342725,0.6297109228139155
570,0.08417422790750326,0.9939383829601544,0.9614468366375396,0.9738711496109409,0.9676191124550277,0.6272163630336691
571,0.08423752762484464,0.9939183056964718,0.9612717454742419,0.9738384412944047,0.9675142890298952,0.6299289638266372
572,0.083854428968198,0.9940325208825515,0.9622201560573607,0.9740774408895008,0.9681124933094384,0.6375910224837463
573,0.08390439370070858,0.9939892627562859,0.9619358986569455,0.9739045962641935,0.9678832480996228,0.6340270327638938
574,0.08367900105474664,0.9940370595526248,0.9622045159598849,0.9741453678674089,0.968138124201758,0.6461348351569228
575,0.08472075967265548,0.9938755282160535,0.9610450574833944,0.9736080802388903,0.9672857787221563,0.6353475980775932
576,0.08379984911692014,0.9940338735572934,0.9622802411241372,0.9740267909907563,0.9681178860071809,0.6406235733839961
577,0.08355924828822235,0.994089758936607,0.962739000137911,0.9741501670560655,0.9684109691980233,0.6336356767570073
578,0.08318935503526557,0.9941100696568441,0.9628324664182595,0.9742751674621506,0.9685200203134999,0.6357907835230471
579,0.08309240440884941,0.9941332505194271,0.9629586065642551,0.9743965500183255,0.9686438140767079,0.6270132881650786
580,0.0827846615943763,0.994192239497641,0.9634826943276908,0.9744837475845314,0.9689519966866547,0.634035013523883
581,0.08215799715986355,0.9942613632368658,0.9639632304953348,0.9747321240559258,0.9693177682266796,0.6268750267202825
582,0.08226750947856645,0.9942653045328145,0.9639871002753087,0.9747501394718058,0.9693387439805351,0.6344241234308515
583,0.08328746882327598,0.9940853987921342,0.9626598926744329,0.9741878960622731,0.968389587371468,0.6297510317319571
584,0.08330479995917073,0.9941094997481965,0.9628270405762456,0.9742747244601208,0.9685170563484201,0.6430618132335904
585,0.083262402845694,0.9940854880549345,0.9625246076452736,0.974336892411641,0.9683947303978855,0.6404493365206702
586,0.08295172125958711,0.9941650830072631,0.9632827707302147,0.9743983958601165,0.9688087005674603,0.6313745143807313
587,0.08269483566605787,0.9942135046432037,0.9635583420549317,0.9746388721286454,0.9690669338064758,0.6396193874013023
588,0.08271372582254222,0.9942002868824003,0.9635547774869349,0.9744950441362923,0.9689940319784113,0.623601658438129
589,0.08411537002262881,0.9939869075916337,0.9619999735963025,0.9738080218216894,0.9678679843225384,0.6343262620825695
590,0.08630646400743251,0.9936313669919458,0.9594732384852224,0.9725996599516419,0.9659918590426024,0.6290368557820006
591,0.08459734085866873,0.9939132451823356,0.9613833272374464,0.9736592469733363,0.9674823478573948,0.6423814346477289
592,0.08286428866948155,0.9941535200414487,0.9631781729326381,0.9743833337911021,0.9687483529375666,0.63583912649737
593,0.0815675486710003,0.9943477970929661,0.9647470192992573,0.9748441297358025,0.9697692927830472,0.6346098312082614
594,0.08348416862674325,0.9940469883225581,0.9624442846012571,0.9739940088405485,0.9681847030387944,0.6313355574090191
595,0.08314543049916517,0.9941108249574615,0.9630129694867637,0.9740863747637691,0.9685180216307286,0.6311938580100382
596,0.08167858408402195,0.9943028635726038,0.964288713914595,0.9748411025552652,0.969536196153594,0.6303493923388451
597,0.08109155888233682,0.9943685335280965,0.9647715695099894,0.975048870507258,0.9698829950877986,0.6345172363672905
598,0.08053881231454207,0.9944521453064357,0.9654427944151167,0.9752525776073105,0.9703228928758084,0.6372221744134254
599,0.08179983570367741,0.9942704955079663,0.9642460924801017,0.9745260542783807,0.96935881963136,0.6321933699265141
600,0.08453558613177684,0.993814918774697,0.9607983891853885,0.9731997800347254,0.9669593238446526,0.6308073224671216
601,0.0818892121918017,0.9942637939315797,0.9639642297161705,0.9747581873420144,0.9693311605139141,0.6302443231289897
602,0.08133974301514865,0.9943182785715667,0.964372763903647,0.9749217289246953,0.9696185553970443,0.6246574897102212
603,0.08090536571074304,0.9943999403010392,0.9650774070731467,0.9750669597568096,0.970046465956905,0.6361799058404044
604,0.08024383766456045,0.9944911806156134,0.9657011028436217,0.975407628317753,0.9705300968122078,0.627638495290533
605,0.08061152730780326,0.9944315942632749,0.9652123976279662,0.9752734725363845,0.9702168526381161,0.6353397384999654
606,0.08046404447862142,0.994459396192362,0.9654647840753254,0.9753095772018161,0.9703622112362442,0.6328273376391921
607,0.08081707309449104,0.9944419556144708,0.9653666558034191,0.9752215674652221,0.9702690884782751,0.6390388930423669
608,0.08157924226344489,0.9943584605644089,0.9647338386166275,0.9749774733467829,0.9698286076132605,0.6373075053458672
609,0.0811078382401372,0.9944152591708326,0.9651525682245329,0.9751562246658214,0.9701286085029275,0.6342657851162332
610,0.08209940308718372,0.9942643226420119,0.9641388950021924,0.9745738246639313,0.9693282773441142,0.6303469361708897
611,0.08188937394042238,0.9942958392768626,0.9641901639224549,0.9748699715208762,0.9695006570065839,0.632166506373385
612,0.08156884523282806,0.9943464787500703,0.9645934879296048,0.9749963747667225,0.9697670336836555,0.6363759417995551
613,0.08236668189223721,0.9942369670269259,0.963943171298621,0.9744814587407106,0.96918366920582,0.6407044232095314
614,0.0816537395200069,0.9943057474476882,0.964245732950973,0.9749201045839192,0.9695535395860598,0.6385091302978173
615,0.08095532474811558,0.9944508269635399,0.9655418736192247,0.9751303828807477,0.9703124407083237,0.636179736782254
616,0.0811997752020256,0.9944174152107766,0.9653726443451672,0.9749413686813513,0.9701334122690268,0.635046133932679
617,0.08273644033792636,0.994148747914821,0.9633910079223909,0.9740976713155299,0.968714756829073,0.6353307861270066
618,0.08453055586424663,0.9938403174745472,0.9611600738155067,0.9730871836854756,0.9670868558019194,0.6223391461139887
619,0.0816047088973385,0.9943472340506877,0.964680665836035,0.9749099893709047,0.969768353081887,0.6273815161582751
620,0.08000333039023036,0.9945481234157912,0.9661888757689308,0.9755137273038985,0.9708289106573965,0.6373667962396887
621,0.07979682157579944,0.9945698005435089,0.9663554294497283,0.9755749354176875,0.9709432971766896,0.6339698080434825
622,0.07960762448019261,0.9946142946162392,0.9668367137869588,0.9755499796366733,0.9711738034864571,0.6277403753279511
623,0.07993854310283129,0.9945414493048818,0.9660590650134232,0.9755799561073589,0.9707961675583612,0.6364650393704355
624,0.0795315703805938,0.9946285560651683,0.96687010413131,0.9756726911989377,0.9712514533068144,0.6331968768318448
625,0.07938445953102849,0.9946333762563808,0.9668162029403509,0.9757846230451428,0.9712797107058694,0.6326877292370353
626,0.08024103792799676,0.9945293026976811,0.9662187210515567,0.9752717005282652,0.9707241042120739,0.6364219728006281
627,0.07993281057787885,0.9945875295089085,0.9666442436043056,0.9754599763909452,0.9710321015079251,0.6320409611986286
628,0.07982968579200532,0.9946086367279784,0.9667392840466766,0.9755922863305226,0.9711456095268761,0.6311053513757581
629,0.08022780649417596,0.9945474917098204,0.9662322896617708,0.9754596810562586,0.9708240599575526,0.6354905820466177
630,0.08015723283931935,0.9945408244652801,0.9661326578516699,0.9754932753768545,0.9707904027519463,0.6368162518205291
631,0.08304045282357889,0.9941351593700782,0.9634114383433279,0.9739234976841331,0.9686389485797572,0.6318313552222252
632,0.08281938601687229,0.9941307854928669,0.9631501356873151,0.9741597654333786,0.9686236669884528,0.6337107609463807
633,0.08128813303095832,0.9943664942164298,0.9649422040999961,0.9748406595532354,0.9698661765719696,0.6398683253851748
634,0.08027041294752695,0.9944895876179477,0.9658252192349394,0.9752553094531613,0.9705173578751507,0.6410988195762694
635,0.08005184196471739,0.9945084975988582,0.9659195684940651,0.9753638449504709,0.9706187336836155,0.6315632265293736
636,0.07914676988939587,0.9946667262118208,0.9671922603014625,0.9757496258847858,0.9714520983437657,0.637617168830351
637,0.07911700400249135,0.994649326832145,0.967053114544111,0.9757062116858619,0.9713603925627534,0.6360205545596094
638,0.0797998497342999,0.994549551620595,0.9662867058829984,0.9754237240581703,0.9708337171458196,0.6313992944200397
639,0.07955725738282898,0.9946221222771825,0.9669800473423122,0.9754822741597802,0.9712125534761314,0.6382528668129877
640,0.07938960050534216,0.994628047953844,0.9668430082959607,0.9756963179738622,0.971249488230035,0.6329320626133957
641,0.07872651000808684,0.9947083913404208,0.9675174334924215,0.9758623699013789,0.9716719849820233,0.6388689096438791
642,0.07866947342835956,0.9947183956404159,0.9675289736235447,0.9759612331877038,0.9717268107995931,0.6333950020179753
643,0.07854445180152174,0.9947370309665563,0.9676840992169682,0.9760012510377323,0.9718248803195639,0.6307858983190753
644,0.07846112662537706,0.994764901559336,0.9679887168904664,0.9759829402871657,0.9719693912072626,0.6325807364506576
645,0.07848761415631651,0.9947577262034712,0.9678944341346423,0.9760047212202992,0.9719326589097378,0.6387272652247349
646,0.07923768265105838,0.9946411283872624,0.9670660961534858,0.9756009248701044,0.9713147622393342,0.6299006167713768
647,0.08075311384666309,0.9943998167063928,0.9652709614942876,0.9748554262875633,0.9700395196689902,0.6405065883161813
648,0.07982947766486047,0.994544964885937,0.9662715527408958,0.9753890222324999,0.970808881003247,0.6313054496472957
649,0.07983702036599033,0.9945248326913003,0.9659932889130044,0.9754660307520195,0.9707065501961061,0.6339098857093708
650,0.07898053028386273,0.9946902641256047,0.9673761242797583,0.9758131228423955,0.9715763075517506,0.6308769532441416
651,0.07853541720202929,0.9947483467430778,0.9678070891204656,0.9759945321736131,0.9718835675747489,0.6311349715516749
652,0.07943502850428545,0.9946021274099308,0.9667848609460986,0.9754705346059895,0.9711082768164991,0.6372317450065242
653,0.0788933138141958,0.9946865219543642,0.9673715385813012,0.9757764275075909,0.9715558057982723,0.6368883641767431
654,0.07895837740289222,0.9946952216442021,0.9674141800385603,0.9758272250736786,0.9716024908901431,0.636549281634362
655,0.07826016361577262,0.9947828983131363,0.9681218086601072,0.9760397183806563,0.9720646400415784,0.6298996606178697
656,0.07888765269957429,0.9946795251241,0.9673159438993788,0.9757585597590541,0.9715189103393714,0.6352704473031283
657,0.07868307829573215,0.9947221103461793,0.9676975859972375,0.9758207277105744,0.9717421810860859,0.6344950619245433
658,0.08031566924140822,0.9944591490030691,0.9658046666185393,0.9749382676671424,0.9703499746858437,0.6354911183168787
659,0.07890395021481479,0.9946868240746112,0.9674277554925738,0.9757191325783988,0.9715557544479411,0.6406923964035555
660,0.07849974051225099,0.9947513954110242,0.9678842495330333,0.9759452851146297,0.9718980528194242,0.638312053320485
661,0.07755346067598183,0.9948888669897485,0.9689202730494261,0.976358606008466,0.9726252182268477,0.634845519746162
662,0.0775738831797092,0.9948772971575648,0.9688797393479963,0.9762736234524093,0.9725626286465241,0.6388044278724607
663,0.07753396558193423,0.9948990017507594,0.9690239028497438,0.9763598611808839,0.9726780502239647,0.6373628587835863
664,0.07754467932922805,0.9948950398557029,0.9689838946016055,0.976358827509481,0.9726573816074034,0.6300032547823163
665,0.07771271948280523,0.9948550432548304,0.9685750761935525,0.9763538806534812,0.9724489226371184,0.6286277629635192
666,0.07742959362783021,0.9949038425410796,0.9690582235711324,0.9763767690916894,0.9727037304875923,0.6369030202293321
667,0.07748503598431461,0.9948896154239967,0.9688877459475954,0.9764018725400466,0.9726302967265303,0.6315873713075019
668,0.07757411166864762,0.9948917851966792,0.9689889345802666,0.9763172591523481,0.972639293296153,0.6295522847290549
669,0.07748243325262619,0.9949026615255688,0.9690768082914252,0.9763436916067949,0.9726966776666339,0.6347754655312183
670,0.07740456367702149,0.9948801947653877,0.9688813200213163,0.9763041167587964,0.9725785557528177,0.6306150206734426
671,0.07794908444202847,0.9948458423200374,0.9687134496496369,0.9761028461699078,0.9723941097764404,0.6318956583592068
672,0.078210691304998,0.9948126846229364,0.9683922067029387,0.9760798100643564,0.9722208116503099,0.6347626839055582
673,0.07779947949050785,0.9948701904653926,0.9686987097811065,0.9763892469821963,0.9725287748629017,0.6226006332285403
674,0.0790960714690012,0.9946831368343247,0.9676609302955836,0.9754266774050359,0.9715282855515133,0.6290979269694821
675,0.0809013013319253,0.9944154857610178,0.9656433271518916,0.9746263204044667,0.9701140292025702,0.6243494047186832
676,0.08096846789389635,0.9943828911061952,0.9652483725129608,0.974691146368166,0.969946777801906,0.6287271854493856
677,0.07842182817620982,0.994784353983417,0.9682600216849806,0.9759071131063922,0.9720685280489757,0.6315603261513797
678,0.07766249021448249,0.994882357671701,0.9688977047795587,0.976310540288229,0.9725899980486573,0.633911814506417
679,0.07701290671532746,0.9949832864332848,0.969795708556086,0.9764676583414772,0.9731202474543792,0.6293904676665809
680,0.07701175894400628,0.9949775530149623,0.9696786118935932,0.9765295309583109,0.9730920133395126,0.6303540665019683
681,0.07631485772540243,0.995050597451028,0.9702548920578057,0.9767227536769907,0.9734780797461259,0.63151664422561
682,0.07636762935695031,0.9950586997667412,0.9702747107757566,0.9767914189916151,0.9735221593768514,0.6262450200731201
683,0.0762393614746255,0.9950686010711975,0.9703323499660867,0.976839558545524,0.9735750811111921,0.6342958415572302
684,0.07656761071236014,0.9950004180245599,0.9697743000724611,0.976680742317828,0.9732152684219108,0.6338302798147176
685,0.07687053133954676,0.9949825654645137,0.9697068184677502,0.9765549297413547,0.9731188262317372,0.6378366158177422
686,0.07668516555760833,0.9950045859106937,0.9699187459874392,0.9765722068205184,0.973234105033104,0.6365119202742912
687,0.0769672405055101,0.9949616985683675,0.9695340363850098,0.9765085621955654,0.973008801102859,0.6375081731088137
688,0.07749855250334568,0.9948766723179632,0.9688656519653086,0.9762818189899612,0.9725595978520413,0.6351231787704823
689,0.07673877401264023,0.9950350039264646,0.9701711608004985,0.97663939546171,0.973394532848391,0.636132892102218
690,0.07671090108241967,0.9950155103041681,0.9699605040452886,0.9766486985043366,0.9732931115661788,0.6340255556594209
