Epoch,Loss,Accuracy,Precision,Recall,F1-score,Validation-F1-score,Validation-Instance-F1,Validation-Instance-Recall
1,0.6353165119243183,0.8360495591461357,0.33867573594302547,0.8008482898201973,0.4760371484961144,0.5495586264297965,0.5306,0.7322
2,0.5715949487128704,0.8899967409464999,0.4468034606930322,0.7679248957985392,0.5649188959186106,0.583966825778925,0.5797,0.7279
3,0.550234005927182,0.9009332947608174,0.47951040793913824,0.7636110158656747,0.5890968053689685,0.5791107721033241,0.5586,0.7262
4,0.5387579980942843,0.9061698420053929,0.49709141538768953,0.7648221834152444,0.602555582306802,0.6212760852288755,0.5963,0.6996
5,0.5306330978227176,0.9094086259834838,0.5086098488931795,0.7642925006549046,0.610772214233543,0.6223711613577374,0.6072,0.6914
6,0.5208119461647898,0.9128085705142065,0.5211598794322894,0.7688826661870432,0.6212365614891261,0.6217652496004553,0.5994,0.717
7,0.5148478073181866,0.9132646690915387,0.5228083365501661,0.7717773152836587,0.6233525202740244,0.6230937394061002,0.5915,0.6968
8,0.5081324835689806,0.9159188435254423,0.5330142306255518,0.7739920300981485,0.6312881258956508,0.6147575781316438,0.6064,0.7353
9,0.5031080247043705,0.9171320211097459,0.5376022759138785,0.7786569891396575,0.6360567110624701,0.6424067882774532,0.5908,0.6158
10,0.49715452442923896,0.9189433899166104,0.5448384075033231,0.7801220706859946,0.6415896528953221,0.578941398644025,0.5549,0.7794
11,0.4919582579633315,0.9205917991821001,0.5516502039123955,0.7803614394494489,0.6463705468987649,0.6519924665865773,0.6254,0.667
12,0.4864210099410668,0.9217235759589626,0.5563638409422931,0.7812753526369991,0.6499112138955113,0.6141452502468534,0.5975,0.7586
13,0.47880375203040004,0.923237308258012,0.5623557466951129,0.7872039011349417,0.6560490132256714,0.6430430316078387,0.6145,0.6885
14,0.47758548733570594,0.9233319954899489,0.5628104997422587,0.7866980666505414,0.6561824697732015,0.61159111343711,0.6004,0.7668
15,0.4725069075608425,0.9248690528453355,0.5694621312509944,0.7875210905883038,0.6609712359503772,0.6416965023409529,0.6053,0.7187
16,0.4681803718102064,0.9259842267413552,0.5742767383366687,0.7890569786257428,0.664748568027195,0.6439043274646408,0.6314,0.7124
17,0.4598708093809567,0.9283060963691079,0.5845789279820615,0.7916576220418908,0.6725389817819067,0.650278843803326,0.6338,0.6851
18,0.4588331307867448,0.928199695111233,0.5840270654887583,0.7921286070332775,0.6723433330874636,0.652654896759478,0.6302,0.6781
19,0.45185954279179197,0.9292912006324531,0.5884490409958877,0.7972668399099938,0.6771242414515168,0.6261819156966351,0.5997,0.7482
20,0.44913091451572856,0.9303596282866289,0.5936535252769246,0.7960334484252607,0.6801072066424593,0.6514212726744864,0.6419,0.682
21,0.44532877624892503,0.9306762022408314,0.5946913395525282,0.7993747174016218,0.682006737234015,0.6426532865335974,0.6296,0.716
22,0.4381117805731382,0.9320254094663172,0.6008265624815843,0.8017049080785554,0.6868802792041144,0.6434044907040417,0.611,0.7213
23,0.4329095379911738,0.933559596679358,0.60815398409329,0.8028860253237681,0.6920829059626704,0.6475589704060153,0.6373,0.7093
24,0.42632670121656047,0.9349049450053261,0.6142461692076145,0.8065756415629229,0.6973935707497557,0.6427390918828215,0.6263,0.7332
25,0.4236320234674344,0.935078265897897,0.6147482846795237,0.8086949632736551,0.6985088337259827,0.6484783781500042,0.6361,0.7109
26,0.4189804504029185,0.9360441237282385,0.6193149114315443,0.8104748715958616,0.7021160443000063,0.666366486412234,0.6451,0.6339
27,0.41605612142480536,0.9363626202658306,0.6210566541092775,0.809845513378809,0.7029969711589535,0.6590400490560047,0.6178,0.6648
28,0.41273493099984504,0.936785149163907,0.6228166650140139,0.812022351519748,0.7049446621713978,0.6575444944544215,0.623,0.6777
29,0.40487373454107656,0.9385373641996956,0.6313843069196665,0.8147844691757711,0.7114551715719007,0.6546187520261625,0.6422,0.6727
30,0.40250884704023815,0.9387611666389815,0.6321564166547566,0.8167704472755227,0.7127021964085032,0.6505621749365705,0.6212,0.5962
31,0.4008690617281756,0.9386768338918713,0.6317581290972953,0.8165492415952916,0.7123648358419519,0.6449540180672373,0.6322,0.7146
32,0.38785934587605564,0.9420297987241957,0.6486118777681953,0.8219380659535516,0.725060436938369,0.6309374469707506,0.6314,0.7353
33,0.388461057766736,0.9413749462225961,0.6448634079122955,0.8226604545968697,0.7229914795374612,0.6595858134896554,0.6296,0.6683
34,0.3865407979745659,0.9415873848207756,0.6456777949022536,0.824156989287325,0.7240812004455667,0.6385150491906159,0.6333,0.7294
35,0.37749365743973273,0.9435295991600398,0.6558511166572966,0.826440221749096,0.731329568271477,0.6649382974877781,0.6347,0.6302
36,0.37227775467385493,0.9443788317086954,0.6596379010798027,0.83036130654884,0.7352189002321589,0.6646681027310634,0.6379,0.6421
37,0.3745401697836334,0.9436875805837095,0.6562915812407382,0.8282312789557201,0.7323042713225107,0.659761081273852,0.6356,0.6205
38,0.3675754793899522,0.9450885053023751,0.6634972293731018,0.8309883020884001,0.7378571748873632,0.6604328354474718,0.633,0.631
39,0.3609750249402986,0.9465698077394638,0.6708758242853772,0.8352157227917751,0.7440796511625803,0.6527656538692539,0.6143,0.5597
40,0.3601502502779309,0.9463344835325789,0.6688835991905028,0.8375477593104999,0.7437736297510501,0.6540711489903994,0.6451,0.6804
41,0.35847773472610994,0.9466380800489017,0.6707838666180352,0.8369926039334445,0.7447272804195209,0.6642205937891968,0.6339,0.6709
42,0.3467938137783421,0.949003290199351,0.6831199084994549,0.8424018063850769,0.7544454323825951,0.6514661312302338,0.6405,0.6698
43,0.34228448140964235,0.9494530305187592,0.684978997869807,0.8451589033514285,0.7566848689864637,0.6560016863082506,0.6222,0.6482
44,0.338037358020707,0.9498669901880132,0.686349887098413,0.8488178047831815,0.7589867967661653,0.6619853395848705,0.6251,0.5881
45,0.3354078062789903,0.9507790500152927,0.6926224807892525,0.8463138834768807,0.7617937103977279,0.6421092449636425,0.6356,0.7081
46,0.3339563061436303,0.9504037274058,0.6894208351845729,0.8492958778070454,0.7610527245891268,0.652947004446218,0.6428,0.6797
47,0.3295896428523304,0.951573564467407,0.6956605586778488,0.8520152457671895,0.7659399987647689,0.6605670093315738,0.6134,0.6109
48,0.3247778163753825,0.9523312820467186,0.700020451651236,0.8529245074334264,0.7689449589634874,0.660260046627142,0.6429,0.6696
49,0.3238005019563565,0.9527379564982,0.70218693885748,0.8539901488161952,0.7706844332326201,0.660255682024889,0.6408,0.6643
50,0.31689969493116404,0.9537561772604307,0.707242328387591,0.857838802784061,0.7752951590541951,0.6383489950409211,0.6442,0.6974
51,0.31476513607253276,0.954239384263556,0.7097528249173245,0.8593709253042464,0.7774287296338178,0.6461985837405082,0.6306,0.7001
52,0.3075712237962716,0.9552076727886116,0.7145582276233382,0.8631497326187415,0.7818566663236843,0.6605048079913419,0.6284,0.6155
53,0.3057595909499436,0.9556378370892923,0.7176179765477072,0.8622843281534582,0.7833278462054356,0.6498590597983604,0.6332,0.6304
54,0.3040429894551099,0.9557722531337011,0.7178419670636055,0.8640479930679043,0.7841884411854548,0.6587961891958896,0.6175,0.5761
55,0.30113691863396186,0.9561805549146944,0.7200009755695393,0.8653261277576507,0.7860026550529923,0.660540003733317,0.6264,0.6551
56,0.29474558959976377,0.9574140775510814,0.7265398816242326,0.86925060890629,0.7915139715948677,0.6609604782708814,0.6313,0.6331
57,0.2934369815768098,0.9575389287431271,0.7271082373286429,0.8699026340605359,0.7921215593843772,0.6548863383370676,0.6412,0.6707
58,0.29129117067983684,0.9580341793579142,0.7298912680364156,0.8711149091151802,0.7942744690101236,0.6580385666948453,0.6442,0.6592
59,0.286329896544381,0.9589874579997926,0.7353940440650611,0.873176788229377,0.7983844995670114,0.6546561323983318,0.626,0.6285
60,0.2814555253913934,0.9597625680924106,0.7398474966016921,0.8750083062880594,0.8017715312468732,0.6571143971746414,0.6138,0.6151
61,0.28253939029552955,0.9596813389442007,0.739126488577237,0.8754414146058951,0.8015295454059963,0.6554842498084041,0.6261,0.63
62,0.2780158815624045,0.9602980624973633,0.7420557180306152,0.8784398000111636,0.8045085830680444,0.6533715201252417,0.6044,0.5371
63,0.2737721067002351,0.9612637555348429,0.74827726762364,0.879255662082777,0.8084961137893477,0.6609801776641192,0.6266,0.6027
64,0.2743064129202486,0.961065399859992,0.7465139338388039,0.8802287160413103,0.8078757897425317,0.6351513044908077,0.6278,0.7175
65,0.2742001889742536,0.9612153682307487,0.7474471039640482,0.8804409140136014,0.8085114014273201,0.6604480960468235,0.6271,0.6093
66,0.27515608699416083,0.9607717389799717,0.7456218066770346,0.8775772012254027,0.806235951464541,0.6572050956912351,0.632,0.6563
67,0.2659134011474445,0.9625754380523857,0.7557482311324109,0.88293257893041,0.8144047707622258,0.65170904813794,0.6373,0.6604
68,0.2610504216641831,0.9633152618734355,0.7598391176589305,0.8853675395873998,0.8178144516020176,0.659277093310862,0.6178,0.6087
69,0.25620169235433604,0.9640344247894167,0.7630594081820171,0.8894512799657648,0.8214218185277098,0.6461225608321358,0.6246,0.6491
70,0.2562694006043372,0.9642639537806559,0.7648611140930236,0.8890503631287638,0.8222931645286434,0.6654388025476281,0.6379,0.6342
71,0.2600223031833018,0.9634995346249579,0.7608806319785627,0.8859311858366935,0.8186580558587683,0.6578430296185416,0.6329,0.6145
72,0.2546665202156245,0.9644701027846039,0.7659925076302051,0.8897700937599029,0.823254764615778,0.6580800211872166,0.6183,0.5721
73,0.24739956309040673,0.9658272543993103,0.7734786407952323,0.8945087388057079,0.8296026839680609,0.6591932619418904,0.6264,0.6464
74,0.24795844357648342,0.9659172793665275,0.7753391294570168,0.8919645043146921,0.8295729323368163,0.651075945888123,0.6108,0.6099
75,0.24574376171012577,0.9661554737157583,0.7761163366212873,0.8939450925564141,0.8308740963104273,0.6591878357787352,0.6196,0.613
76,0.24379711292630477,0.9664384642579663,0.777409720256628,0.8955238041234038,0.8322971593324076,0.648340818456963,0.6224,0.6686
77,0.24526088154144424,0.9661390356277773,0.7756338994593917,0.8947043980355518,0.8309251630673139,0.6337888877140342,0.6112,0.6747
78,0.2507117409929097,0.9655778678682044,0.7728311352942354,0.8920830073576731,0.8281862778278634,0.6426264097342534,0.6208,0.7059
79,0.23893099101327306,0.9672746987696346,0.7823919324173827,0.8978186284716223,0.836140502912409,0.6629734461002362,0.6248,0.6081
80,0.2404376475287856,0.9671977130376203,0.7826317732987239,0.8961855753223061,0.835568332189735,0.6567974152915221,0.6147,0.5736
81,0.23573154832819382,0.9677392223820347,0.7847941319970965,0.8998612369975213,0.8383979672100632,0.6565952861171511,0.6366,0.6411
82,0.23108879117656955,0.9687335001146958,0.7908300269952463,0.9024988710831606,0.8429823732315793,0.6592751685657628,0.6216,0.5935
83,0.22507574548609824,0.9697841026743025,0.7973098820098132,0.9052105603414542,0.8478410092546451,0.6580687966298617,0.6182,0.5888
84,0.2245946146494193,0.9698902155446689,0.7978828270118276,0.9056468435071703,0.8483562996019807,0.6597297157983405,0.6249,0.5978
85,0.23563312106638504,0.9679244976234672,0.786240920042172,0.899699615090303,0.8391525541849606,0.6537320121475283,0.6167,0.6069
86,0.2264979579251447,0.9693841709974231,0.7949314169756335,0.9039929692624519,0.8459616187899085,0.6578299404985031,0.6244,0.6307
87,0.2189755001835686,0.9708767892110333,0.8037393143834964,0.9087400313468237,0.853020611978294,0.6605560030925806,0.623,0.5919
88,0.222410369101617,0.9705154465293305,0.8021463920827278,0.9065627502038548,0.851164216631379,0.6534922047986067,0.6147,0.5729
89,0.21990321828521414,0.9707059539441304,0.8024915055936642,0.9086353352004393,0.852271287898457,0.6544716298539639,0.6141,0.5886
90,0.2184024803715644,0.9709616781340527,0.8043164899780857,0.9088741132945205,0.8534046769116816,0.6575486911541117,0.6269,0.6418
91,0.21796327068222512,0.9711750162266038,0.8058036980740961,0.9091487745530183,0.8543623876784189,0.6575254303060176,0.6148,0.5821
92,0.21687420001990504,0.971193589755421,0.8058448719279142,0.9093359429106237,0.8544681704864368,0.6530099849961807,0.624,0.648
93,0.211386256938358,0.9721558908064919,0.8116237523391947,0.9123480613788172,0.8590434612949949,0.6447934053864293,0.5979,0.5209
94,0.20878479404629563,0.9727175666773892,0.8146569716015479,0.9147484678774798,0.8618062596619473,0.6568021866086983,0.6153,0.6083
95,0.20871830860273444,0.9727524341004331,0.8153252749371832,0.9140432824796536,0.8618667055047886,0.6569880785081287,0.6155,0.5923
96,0.2136610382966858,0.9720471343839647,0.8112057232837712,0.9115788621876799,0.8584683151536222,0.6497611598360826,0.6258,0.628
97,0.2115778902666174,0.9723381105136089,0.8129052697222852,0.9125913433268684,0.8598687548652032,0.6531524517838233,0.6261,0.6573
98,0.20307559064395136,0.973899941729244,0.822139558456282,0.9179315112955181,0.8673988327353193,0.6595801153671373,0.6136,0.558
99,0.20122823060202083,0.9741178528237147,0.8236349819272545,0.9183336094712653,0.868410245253402,0.6567525431435554,0.6221,0.6075
100,0.20146273703669473,0.9742098553052755,0.8245047214896956,0.9180962342169452,0.868787174039877,0.6579469585856174,0.6281,0.6497
101,0.1991805780491383,0.9744835144516748,0.825474776190186,0.9201684500451714,0.870253249853814,0.6482617501861148,0.6047,0.5416
102,0.19930504171325147,0.9745133213605826,0.8265493515107172,0.9187399899999675,0.8702097983181741,0.6604300796646189,0.6213,0.6189
103,0.20097676739632656,0.9743038078357028,0.825378401945997,0.917882633404893,0.8691761999730824,0.6568519751794416,0.6211,0.5931
104,0.19941858722151612,0.9743213170772865,0.8246659320423496,0.919341955924842,0.8694341306358345,0.6563423182869398,0.6183,0.5912
105,0.19707301977298242,0.9749194327697857,0.8284026886602078,0.9211113060320042,0.872300632961178,0.6590059485632042,0.6196,0.6039
106,0.19373093840244004,0.9754983706929737,0.8325213635811816,0.9220181311870771,0.874987190782871,0.6577515535294682,0.6279,0.6152
107,0.19479406131900473,0.9752810226407814,0.8310995431375572,0.9214628281426785,0.8739515900118173,0.6571577386657804,0.6142,0.5898
108,0.1923517523695239,0.9757110839459233,0.8334511863320557,0.9233325182095984,0.8760925783763812,0.6582314754558629,0.6243,0.6183
109,0.18759996840636506,0.9766769211771572,0.8400627064975852,0.9253910009748998,0.880664800846498,0.6541633760380903,0.617,0.5671
110,0.18855287531296983,0.9765857357935369,0.8388675430484357,0.9261199608149938,0.8803370838563188,0.6566092308127522,0.6121,0.5922
111,0.19085867751202137,0.9761462744288939,0.836373174007869,0.9243385019856828,0.8781584597912052,0.6553926747412304,0.6175,0.6043
112,0.18905375570916444,0.976486983671005,0.8387330459116045,0.9250244906288827,0.8797678734116452,0.6520060716353078,0.6062,0.5475
113,0.18570032739918008,0.9770336702578327,0.8419983282346996,0.9269959234953214,0.8824551205862983,0.6541837795348427,0.6056,0.565
114,0.18477872903827283,0.9772681910995156,0.8438269892236339,0.9271627137595544,0.8835341277865866,0.6467330005184443,0.609,0.5508
115,0.1915883580557734,0.9760645646348366,0.8370668275605159,0.9221103494429544,0.8775329682069993,0.6453591357026245,0.593,0.5219
116,0.18175998654404132,0.977653868193835,0.8461103869403852,0.928607417212519,0.8854414817441053,0.6592532235328428,0.617,0.6001
117,0.18123669434580014,0.9779341602529285,0.847719216516818,0.9297423884129571,0.8868382719288568,0.6583849392926929,0.6187,0.5762
118,0.18051217054184393,0.9781226970197541,0.8491120863905377,0.9300199291846488,0.8877263244565392,0.6481892885337366,0.6227,0.6575
119,0.17827769200042856,0.9784518501624199,0.851128329104346,0.9311649417644299,0.889349552016411,0.6552661550764775,0.6121,0.5764
120,0.1793310235140564,0.9783106982097782,0.8502798918060639,0.9306477368945971,0.888650436192767,0.6544289841896885,0.6105,0.6014
